term,rank
vaccine,128.14112620162004
covid,107.46459059753
people,91.68098850906753
say,75.67708630275294
china,73.1231280495402
new,67.21322787005276
need,63.60732173671488
like,60.017959305007615
world,59.55779992777425
day,57.40351492855194
india,54.8342222096303
today,53.468939922393986
year,53.1549714417708
know,52.62005106840266
time,52.150658051284346
may,51.810652277513476
vaccinate,51.2705072042453
please,51.257273818908274
first,51.000748072905424
help,50.520311566288875
country,49.80621155599088
vaccination,48.926706748035144
case,47.99549703386436
news,46.494005723828636
see,46.09194330287488
call,44.02524163787824
stop,43.24578147421331
state,42.29191464161972
let,40.53298686579091
asian,40.486959328851654
still,38.644950012306396
dose,38.427125496729694
use,37.83206203684828
right,37.79526426871104
good,37.29800422221709
report,36.73719670856275
shot,36.08214982803378
give,35.92514276416297
work,35.662578637657695
chinese,35.653017278596074
would,35.64302318057753
think,35.6220377606963
even,35.343346183745375
mask,35.307858737810236
want,34.17189089767276
test,34.14999502848183
look,34.12491864669466
death,33.969366966024786
crime,32.87222569387925
covid vaccine,32.66053451287078
april,32.1878704339659
pandemic,32.056676993814
president,31.62727090437855
show,31.563699813859856
virus,30.992420151691647
also,30.857707602435976
week,30.481483625533727
patient,30.42525014435739
government,30.41088274515388
many,30.085444976516698
start,29.866123408406764
way,29.713443010952165
free,29.600301284032142
follow,29.507549550066884
everyone,29.24275217924472
great,28.825011630855567
hospital,28.68084671427343
age,28.451905703362524
well,28.385983547722248
health,28.341430806199337
biden,28.332029172889804
back,28.09822309796736
change,27.825747997946554
big,27.581870777524763
family,27.532500462445935
home,27.083743770029464
talk,27.019827478996284
life,26.958442117421214
number,26.939010541763803
cant,26.803613235900812
read,26.77610324559458
keep,26.715546165496985
last,26.263870981675403
million,26.239059584242383
buy,26.183646390770715
must,26.153744704072324
share,26.084325532662785
support,25.796365093810568
potus,25.704405166778642
high,25.46523966959886
thing,25.41104584636817
end,25.13134246828101
thank,24.96904178565364
receive,24.837810043629272
spread,24.799823800062114
issue,24.200444093869812
american,24.128979635697046
dos,23.9674875844713
could,23.87057295774346
fight,23.821763728364164
continue,23.65040830526619
hate,23.5746172325721
bad,23.336881797474696
stay,23.336154841604095
second,23.015094944285938
do,22.889820571289917
late,22.8164631178842
available,22.7582964871495
global,22.75542208109797
community,22.720614150059937
business,22.664642045743864
link,22.451199186394145
govt,22.44796502262146
die,22.08089961954859
check,21.896344247560407
policy,21.84927502851427
feel,21.829684649908756
find,21.774753505165968
care,21.766219780787754
positive,21.69463379660811
watch,21.660401133550014
ask,21.605428843035536
control,21.59600874107598
since,21.568871683132507
really,21.408495262461198
safe,21.39201063903292
racism,21.367436179825297
lead,21.35744048785597
america,21.3539707259584
allow,21.337542084259635
war,21.322798650811748
much,21.203591022481216
live,21.157429016711554
due,21.09885458310329
happen,21.04469826355463
put,21.025298030295634
rise,20.983651408012197
love,20.916627500326495
plan,20.880940880226248
never,20.777903769933303
open,20.703792260527578
narendramodi,20.64738945311952
another,20.61761896157606
better,20.506820180346537
old,20.498754780129527
wait,20.387780609294676
month,20.371114171107024
next,20.366312125319997
yet,20.345821942581345
around,20.291371499518544
thanks,20.237950170034384
try,20.157047345131023
group,20.153192833470353
risk,20.13303544205335
without,20.018355151844496
best,19.949188761200006
medium,19.944326242322372
appointment,19.88599429120294
book,19.7265861391431
increase,19.623176473447188
important,19.59574525048481
protect,19.542308871437033
tell,19.41960159381843
lockdown,19.40020056143492
youre,19.389372224030552
create,19.308799440349077
climate,19.233397777908902
hope,19.2220123778085
public,19.20842596753173
learn,19.170869124450487
post,19.16544432757126
fully,19.058825419252525
mean,19.038513889966378
human,18.949180577142037
kill,18.922675018508325
full,18.89765895811057
include,18.79539378623988
market,18.69372754497004
update,18.691422524676778
move,18.468289970143474
every,18.421898063864738
face,18.369189089344673
cause,18.224859327478278
power,18.195274888846118
violence,18.11184240533812
soon,17.881179747702987
border,17.82657102203714
price,17.753154974103524
crisis,17.684757648317905
part,17.682410369956127
question,17.634799723839166
anyone,17.561058790656062
lot,17.538730322672148
visit,17.37246873914367
real,17.367080000273727
eligible,17.358603133679782
doesnt,17.311743809761587
turn,17.213251329055925
johnson,17.161421041035098
friend,17.153512715315472
story,17.151340938416787
daily,17.00801165996524
video,16.945123442486885
leader,16.90090863130468
official,16.811858303069318
rate,16.709610063391743
already,16.69921567675407
city,16.526445732937376
situation,16.451397672316524
stand,16.34821204179895
believe,16.32379227642704
whats,16.271681108622573
administration,16.26548289036884
minister,16.2501980852948
nation,16.06435085717224
join,16.05834347777129
name,16.025023432064394
lie,15.98501464987031
something,15.97381297137885
trump,15.967193037000715
record,15.963350953797896
police,15.90661042758951
decision,15.8469809054979
data,15.830570071492577
job,15.821688770463265
youtube,15.818431910284694
future,15.81735582052386
man,15.764137274872171
joe,15.71582521149465
far,15.698441401831511
wave,15.673844360213126
here,15.556789756397006
always,15.552333476935363
action,15.521958478989536
woman,15.499092568363906
side,15.453568247203336
long,15.441546930603778
retweet,15.429261185833843
force,15.427333707869773
population,15.371662402960263
agree,15.363940996075785
break,15.357238323499342
become,15.250414073420119
low,15.16610506512475
company,15.106444257250477
set,15.101570026629618
billion,15.082746394500017
sure,15.078330158423782
wear,15.071715381052119
point,14.996061247466512
travel,14.906703786129818
foreign,14.901745394220802
reach,14.893160734602743
recovery,14.862634445349338
drive,14.850222615160744
others,14.819751117656095
party,14.801700139142405
seem,14.799991266751533
pmoindia,14.738661963180933
begin,14.662580528752045
wont,14.619878795966704
service,14.607610911617684
expect,14.598406322245607
article,14.495952352651425
bed,14.463402236510689
united,14.435352191015992
economic,14.421922710773146
citizen,14.421922500438871
nothing,14.420578470179871
ontario,14.381350959497356
attack,14.34992009141631
study,14.343579973328891
fuck,14.327707147273758
place,14.313350698926739
international,14.267448347658421
white,14.201518136282731
yes,14.197517935140118
top,14.1891224816811
finally,14.138825024269659
supply,14.137521347707734
ever,14.133634057696838
jab,14.114383510434976
guy,14.044325400755508
hour,14.042565279832344
oxygen,14.023871911547358
lose,14.019639469630773
sign,14.014637138616282
adult,14.007007601783231
effect,13.98698061879828
fully vaccinate,13.872128389218597
worker,13.872115843965204
least,13.82872583514562
variant,13.824010382040921
pay,13.815731383115816
large,13.796694480113985
challenge,13.78602250727991
hit,13.783443503259823
vote,13.767225025082265
child,13.755271109956999
together,13.739242566957033
centre,13.73595187702086
possible,13.714132800407237
matter,13.599080581219136
provide,13.598415794839887
shortage,13.562440163510134
list,13.559823844319949
order,13.508275488293576
blood,13.46576671007544
someone,13.457393800383958
coronavirus,13.399657714132038
level,13.358724800842968
team,13.355269873362033
instead,13.316649567221654
medical,13.314837718464567
apr,13.29830290513238
person,13.290801524157981
true,13.287168921798933
add,13.18697921387174
system,13.179506423142387
school,13.179089913355721
tomorrow,13.17784373238282
require,13.14381134972322
behind,13.122646740674233
base,13.084313907027893
save,13.04119655630427
indian,12.997738107173495
offer,12.99184268289165
step,12.96734202930743
student,12.958081606171255
interest,12.954476984986684
rollout,12.9415309749703
covid vaccination,12.916865023927386
deal,12.849904639395048
announce,12.849623752796086
run,12.835535099941913
across,12.80580885191053
information,12.792194933182254
black,12.781304190014136
pfizer,12.736025873777434
surge,12.702909899877547
per,12.615495952057984
reason,12.608631244259316
joebiden,12.60779509826678
glass,12.546854133189338
accord,12.488956941700732
source,12.444365279405636
racist,12.43961085629597
doctor,12.436270127776536
thought,12.421748966249966
resource,12.394387586436077
line,12.366585618992055
restriction,12.3183260202044
meeting,12.298756031910742
problem,12.287971390895173
science,12.244592443723421
fall,12.192748687238655
word,12.178339815143126
hand,12.162949411705698
fact,12.106453986754198
money,12.053279827344184
away,12.027415622892342
enough,11.971329489194897
office,11.949682674723697
wearer,11.86998672438875
mask glass,11.86998672438875
glass wearer,11.86998672438875
mask glass wearer,11.86998672438875
demand,11.85689874476476
act,11.8498637269712
national,11.849217589121112
impact,11.82229453903072
please retweet,11.761992646282739
cost,11.759744314570268
trade,11.752755898886281
tweet,11.724391082237382
head,11.70264926324853
ahead,11.675163657919922
hard,11.652719457466334
former,11.622517278112984
launch,11.609832916231058
investment,11.598015082190035
expert,11.587286288403709
hold,11.582233286647284
huge,11.572309154244204
he,11.564731482327595
social,11.535816428972094
result,11.514508271354515
target,11.501545178670233
infection,11.495447872699824
half,11.488568153470897
play,11.443276566810537
happy,11.427696900090487
law,11.41830121400804
listen,11.413290642811011
inflation,11.369668291894845
delhi,11.286791994182426
economy,11.279491599179252
answer,11.260872187629081
everything,11.233344516960994
technology,11.15476923047344
effort,11.109577142648655
protest,11.086748111447799
trial,11.070614836901143
focus,11.06913973771673
election,11.06736147682783
interview,11.064150207066772
welcome,11.051067068222244
military,10.985138225039634
history,10.98204960404446
grow,10.965939701714062
kid,10.9564051831991
else,10.955120660946502
major,10.95392945528364
amid,10.922254832191777
member,10.911885642683302
cannot,10.88567625459328
total,10.874144050138586
able,10.857875368300414
tech,10.83590646298622
strong,10.795411847270719
mass,10.730347020957666
event,10.717774046833288
register,10.685249050311416
south,10.66479906240075
found,10.661298122220753
recent,10.639186543341301
access,10.621499006381377
within,10.579953197153806
phase,10.558984846412576
safety,10.556246053178334
drug,10.544564639124955
pls,10.513471044907657
sell,10.484330130066892
refuse,10.460798083544596
address,10.387211346263038
chance,10.354691508620066
morning,10.34478583505877
normal,10.334196043619142
discus,10.311737385191053
ban,10.30709057124605
statement,10.288451871457339
response,10.270259138754023
sale,10.261632473977357
first dose,10.223023116363077
left,10.18536390229116
west,10.18164668405161
yesterday,10.15649212413355
bidens,10.14855431179913
view,10.137289609144899
site,10.130590539221256
course,10.12529396369117
miss,10.12147425212723
canada,10.118903300659424
might,10.108315615025713
win,10.080460368424616
complete,10.069820983417687
whole,10.065741570086912
stock,10.049973806797993
measure,10.049474765509695
administer,10.044944397757968
fear,10.024470258020589
bill,10.009359474260144
little,9.999323889124106
raise,9.987465123133449
past,9.983424290121125
jamp,9.975822962581686
request,9.968458425998527
mohfwindia,9.959754838068692
chief,9.952619618347008
special,9.927301359045678
close,9.890077386744576
import,9.876260989969802
effective,9.87092931782013
drop,9.864209722187436
freedom,9.861765198111568
game,9.837970394256057
protection,9.821524186857799
disease,9.789754510366707
treatment,9.780587109671199
area,9.752846534089262
return,9.740648953345074
march,9.731779174345474
meet,9.731428579065854
center,9.716659431054751
russia,9.716300121198186
release,9.67472892326409
politics,9.672905029380058
concern,9.669797683278151
theyre,9.657812976955597
bring,9.655388363007553
strategy,9.6522608846391
united state,9.644044987307426
god,9.640543286952237
consider,9.629664537144583
there,9.626746788398364
forward,9.623090058181054
etc,9.621177132269906
emergency,9.619285681956843
summit,9.613422217489802
trust,9.596455837264966
dead,9.572612199798737
sir,9.546101620391422
weekend,9.53333521777013
clinic,9.533132686378753
review,9.531778733470313
trend,9.527134823025122
usa,9.505830204970097
amaze,9.505582381017486
campaign,9.468613248187403
speak,9.449226244301451
detail,9.447883761403057
cooperation,9.427675938017714
anything,9.426091719462711
comment,9.419197597334303
near,9.398499908114701
remember,9.392214694043174
monday,9.383834488338564
key,9.369681557644858
cover,9.337644784495458
humanity,9.336080064770563
product,9.32711738546438
ago,9.302537054602231
digital,9.217456103857183
race,9.203587201876038
congress,9.190995873046502
actually,9.186245961048188
remain,9.180507465853305
rally,9.170939672116631
ready,9.15434866878101
almost,9.152293965200721
water,9.140391360591389
wrong,9.122414873554519
central,9.110544986994002
leave,9.080469893225812
house,9.071007187807718
wonder,9.066476470679762
clear,9.053892247420903
production,9.04570699507085
wish,9.017984126190033
local,9.012429166380688
hate crime,8.984392063268304
test positive,8.97260024807528
fail,8.952572002505491
samerica,8.922360456940707
violence asian,8.921307696913775
advice,8.913266550788872
network,8.911995913226885
rule,8.907682353181793
contact,8.906105386125796
wear mask,8.90286824043759
justice,8.89002595919736
sense,8.88568797557706
project,8.881963647139107
term,8.865159834675875
push,8.862409975740343
threat,8.860592011658698
understand,8.853340195220092
cooperate,8.852795341659712
fordnation,8.851574868074328
side effect,8.816892023638069
year old,8.811686897114337
card,8.797288052099868
food,8.781393269487523
export,8.780094386721542
sunday,8.776000546433995
towards,8.769278715145449
treat,8.755978142518947
figure,8.75497040429331
worth,8.751850696619002
till,8.737234564053415
fund,8.714918630397547
racism violence,8.712760543271209
racism violence asian,8.712760543271209
staff,8.665562973505505
likely,8.66394978627754
arm,8.63521969376606
clot,8.631118700245182
hear,8.628782669672633
online,8.62041816743317
opening,8.545840711417135
benefit,8.534327408560838
eye,8.530193138863071
night,8.516138819575792
mind,8.513791143367571
development,8.51314318959411
suffer,8.473626313349564
ensure,8.468847535522302
harris,8.463905413009734
early,8.44685820007048
democrat,8.42082368812944
moderna,8.417870857624042
write,8.415294636568667
info,8.40188123306396
photo,8.332910438794
rahulgandhi,8.33011190746462
cnn,8.292832833430563
healthcare,8.281717860692524
experience,8.274085144779493
research,8.271654083266041
opportunity,8.239548691641298
abuse,8.228677914583702
medicine,8.202384661772948
province,8.199321062130508
prime,8.195710405500886
young,8.186442692372058
dose fully,8.181458954174387
gain,8.172731061123567
domestic,8.157391274503698
stop racism,8.14018932171961
stop racism violence,8.14018932171961
track,8.139922585722863
despite,8.130289355974446
fake,8.119760619198951
message,8.099247083152195
respect,8.096363661894351
especially,8.095043732836144
build,8.08995167632311
distance,8.050114477972558
stay home,8.029665671534929
decide,8.026566987014595
thousand,8.016400180339481
critical,8.016355811488847
pst,7.991985425940269
twitter,7.986949996184629
currency,7.983708333221274
host,7.975497693909822
climate change,7.972866047497714
commit,7.964520543337017
form,7.95210010372012
movement,7.947162211135885
growth,7.925784329808721
friday,7.923913662209485
thread,7.91254211863544
asia,7.9056246237709695
send,7.897857071291105
violence asian crime,7.872814794577831
asian crime,7.872814794577831
dose fully vaccinate,7.8699901189842025
solution,7.869779415062789
front,7.8226445422723145
leadership,7.817503808069321
serious,7.817471846801948
episode,7.812699536495677
manufacturer,7.8043543521677226
press,7.783806332131306
model,7.748764181141714
probably,7.743007474890614
different,7.742125850915174
super,7.732332687079796
related,7.728368213528188
avoid,7.721672712705248
admit,7.717232387804071
told,7.703623324989402
johnson johnson,7.689780457669733
deliver,7.687555837978877
shit,7.684434487568101
pray,7.6840478821717415
hell,7.682910311342667
dear,7.682115093625187
propaganda,7.680372835943862
bjp,7.666999312854528
hey,7.655274760127179
political,7.6356296435259665
saturday,7.628661792395898
pst dose fully,7.626114080527178
pst dose,7.626114080527178
apr pst dose,7.626114080527178
apr pst,7.626114080527178
japan,7.613545630785631
district,7.606783149968075
forget,7.603262090432717
rest,7.598116101325873
gonna,7.597073926954072
less,7.573647368387232
design,7.571045409719287
energy,7.557384577124202
evidence,7.543699266548858
reduce,7.532244924768499
infect,7.521814110596859
five,7.503342340271223
priority,7.499095768766135
lift,7.476299623350009
responsible,7.473603061743344
date,7.458458967963113
prepare,7.442428740497648
worry,7.435268240321705
living,7.424902319899742
new case,7.412542626451001
program,7.4019407851415995
county,7.401104502126392
along,7.394454264279621
passport,7.392925341587512
partner,7.389098025909023
platform,7.386673286609779
approve,7.364740337749004
apply,7.364427210651408
seek,7.355405356449227
court,7.312676291986146
shoot,7.3067182658825205
antiasian,7.303913029407042
symptom,7.27308710119789
governor,7.271994832584206
financial,7.270964315183744
industry,7.2613131985292325
sorry,7.2589030766576945
shop,7.246461770737413
doubt,7.235042481813721
blood clot,7.234677275828523
walk,7.208715237945086
nearly,7.190542641783301
folk,7.187741602438209
employee,7.185822021946888
bank,7.175270604467154
facility,7.167226736686052
please help,7.1639557489600225
balaclava,7.157881552301457
infrastructure,7.151470637325477
alternative,7.131551927439063
bit,7.120064765043597
small,7.112981791402499
several,7.1061924319901255
body,7.102883965222658
security,7.0877631804598415
building,7.08583354698864
look like,7.080423642609541
parent,7.053091640151517
touch,7.022819041809328
mother,7.015856820470958
approach,7.013831172118731
tax,7.005190075607025
management,6.9955413951024905
ill,6.980232501123803
hot,6.947273390333301
relation,6.904452571733369
btc,6.902017756796276
arent,6.893954588228105
guess,6.8717613950266445
drharshvardhan,6.8624280306689505
second wave,6.857380803758308
blame,6.856649129528377
sick,6.854616723205443
verdict,6.84834732087075
cdc,6.831600233907294
website,6.829091058602106
ally,6.808014544425975
mrna,6.805070516866379
store,6.799029708143585
fauci,6.792842389210019
resident,6.790764638873735
troop,6.782334786703461
modi,6.7619084650307055
imagine,6.760553328151739
announcement,6.758329639225617
israel,6.7366575597236
currently,6.727720529300505
promise,6.726710105894807
produce,6.714977665220153
land,6.707425130236362
cdcgov,6.7056171182838105
announces,6.689843185405609
promote,6.679036042186106
ppl,6.673455381319002
flu,6.669662548812354
wiq,6.656780071900204
evil,6.653161605886962
reuters,6.647695549393306
music,6.64763103151806
murder,6.6471657474182395
joint,6.6376641172713375
simple,6.637292543676939
republican,6.630375203979923
justintrudeau,6.625082139455593
moment,6.620175701612292
progress,6.615761158335272
negative,6.5897177257796615
bitcoin,6.584116945460983
present,6.583540241855502
human right,6.583380264108911
beat,6.580654113973118
maybe,6.580126438865761
iots,6.573468528038997
train,6.561711788455701
though,6.521154635062408
roll,6.519555072779233
speech,6.5172856901367675
urge,6.510550881106907
massive,6.502143125546658
potential,6.498015206839452
sector,6.485820134567065
beijing,6.481867688883585
click,6.481858020347822
expand,6.477934585863368
carry,6.477566314905746
corona,6.472355121902009
double,6.454754878035457
japanese,6.441888634031487
pakistan,6.4174908081889175
afghanistan,6.410750690463685
later,6.398342895820906
process,6.392165533087456
among,6.3811904685396215
three,6.369343071087338
brand,6.355956839399592
green,6.347484797493914
phone,6.331914749160735
pressure,6.329690124447144
tiri,6.329133028417178
disaster,6.328519404242648
european,6.320777889172854
goal,6.316017470410311
covid case,6.29355915384388
single,6.289125636634636
democracy,6.285066272391155
deserve,6.281123544137599
fellow,6.275200107357633
river,6.2742102768115
prime minister,6.269144059679339
space,6.265251865492679
shift,6.244043543702509
minute,6.238699090081567
politician,6.234293578701658
declare,6.225047146048311
awareness,6.2196012851624785
car,6.214966224420744
art,6.2112258786640435
email,6.20825019986218
contract,6.203058422340345
warn,6.198197014910759
washington,6.196670231743358
light,6.186934692970794
remove,6.176206271793078
dollar,6.165301489357535
stay safe,6.155613005980276
red,6.154289454454946
wake,6.145056208034567
guideline,6.144316850077838
shut,6.136561672517584
seriously,6.131945731278298
western,6.11789784186185
common,6.112483276482678
genocide,6.105541508623961
booster,6.100430132968349
last year,6.098868137238616
asean,6.087328746585031
region,6.081388578317868
tonight,6.076122485101422
third,6.074163479874606
app,6.071307535312955
astrazeneca,6.065144689081227
oppose,6.062783764158462
practice,6.058834896043672
option,6.0555677024462256
role,6.052402268307789
volunteer,6.052341052356367
rich,6.041208115656206
entire,6.036365738036957
position,6.036023561331345
general,6.035554201650054
schedule,6.030166277495667
ceo,6.0282564942484
inside,6.023451431022192
inu,6.021471441873759
tiri inu,6.021471441873759
celebrate,6.015726513991262
myanmar,6.0140503765663125
condition,6.009410894602521
attempt,5.994781778144045
profit,5.988731162761001
chain,5.984970235155593
decade,5.975275639500046
opinion,5.967571272373081
mobile,5.966003581421965
destroy,5.965591586145754
tie,5.963518471296098
capacity,5.952187289349126
example,5.947093077746287
putin,5.943631500828522
manufacturing,5.932011035975528
class,5.9286148574553215
good news,5.926059370737443
crypto,5.9233999868619085
easy,5.918690387184042
dy,5.91739267934999
held,5.911345865079541
illegal,5.904329718329565
yr,5.903064250715317
sanction,5.898872022354156
park,5.894584799220521
excite,5.891492866110485
idea,5.890611475673152
joke,5.888514731721599
first time,5.8859305001046485
immunity,5.882941691755397
director,5.872063543192684
necessary,5.85562013565206
kind,5.851340681632818
rather,5.844230900858775
voter,5.843920870198342
beyond,5.840781674448189
dangerous,5.826309928817324
discover,5.815669953812174
series,5.811825748702542
manage,5.8041302843494265
battle,5.785066176452883
everyday,5.784697532597994
gun,5.780328385463966
plasma,5.769270629853824
road,5.766333802259424
eat,5.761511031106964
air,5.7578256508262005
round,5.753343752389382
exactly,5.744300090634605
son,5.74064249786221
publish,5.7403212489404485
ramp,5.7367856435847315
nurse,5.736560164551488
paper,5.71848486992786
absolutely,5.717574508089573
improve,5.705928635388783
claim,5.702002961611452
everyone age,5.696679579841318
foxnews,5.68074040742422
stuff,5.675135943991465
restaurant,5.667073446572731
north,5.666920307954026
men,5.662054290841987
ship,5.651851756772306
catch,5.6478691330943755
fast,5.647002343229868
toronto,5.642575854920904
compare,5.637842915540687
sent,5.628327833211115
location,5.612801285725607
steal,5.611398218936154
culture,5.597986346998572
pass,5.592051970650684
federal,5.587164192148431
piece,5.582148917376088
fan,5.577339055227934
speed,5.554459930847975
disgust,5.545231679859604
type,5.542140984424943
prevent,5.537114990042823
invest,5.520153027861909
fly,5.518084500521499
active,5.507360137421088
lock,5.506544888237624
worried,5.499069170819134
secblinken,5.496453973570665
credit,5.495171749181007
tool,5.493843413444113
difference,5.491463233093469
officer,5.491355295071663
current,5.484014099903236
urgent,5.483521408830874
aim,5.481122825873465
perfect,5.47843235519273
scientist,5.478176651299846
curb,5.476043097302431
youll,5.475571783158411
longer,5.472271533987396
plant,5.46609465134019
customer,5.4515038296767715
encourage,5.451502403514446
brain,5.450319947131931
flight,5.44860601254278
ignore,5.447964954906936
suggest,5.447268794550634
individual,5.444474081507689
brought,5.437971305078123
isterrorist,5.437337300107279
mark,5.4333972100640855
senior,5.431337727407538
stupid,5.419629668210962
either,5.409224615801274
cancel,5.404789847135916
huawei,5.400246495767348
port,5.390690262138675
prison,5.386925693016527
incindia,5.383161978338961
communist,5.378274040012129
whether,5.374615288528619
army,5.373917150990046
exist,5.364068879487251
wall,5.362146720161731
extend,5.356440497558212
covid patient,5.353966974044496
account,5.338614866032286
emerge,5.320721258539353
recover,5.311005962342066
regard,5.302814053011
minority,5.296118054755026
quarantine,5.292561321853178
truth,5.290142703617
sputnik,5.290052128460425
commitment,5.274948908948728
cruise,5.269019809514157
injection,5.2596699267647695
raw,5.255194328585282
short,5.254244137834062
debate,5.250444992836907
protocol,5.226612573311986
conversation,5.224526736851366
foreign policy,5.219586575253531
relief,5.210503072698863
prayer,5.204940763379414
period,5.193757031640785
trading,5.192471161765801
proud,5.1901463440987765
heard,5.189907588175901
influence,5.189634377808376
immune,5.188398619472406
ing,5.183064664823869
knew,5.174589793665738
lakh,5.1598401263079845
spot,5.152612974222773
fed,5.147677452278899
bordercrisis,5.138480878693548
relationship,5.138047775495808
heart,5.113804261241761
virtual,5.112824195922698
conference,5.1067030837494025
responsibility,5.106662969954662
picture,5.103437515889805
significant,5.101175257685229
developed,5.100110126030141
gordongchang,5.098293626422342
saw,5.097397338258766
material,5.090750267636429
strict,5.086489041650259
totally,5.084729537137094
trillion,5.077147846350055
vax,5.069620246421427
value,5.056202371834699
trip,5.053994741426183
highly,5.036709921996376
achieve,5.033062454657372
nature,5.032884033352595
capital,5.027082056200976
anymore,5.025638234598767
choice,5.021671960423179
hurt,5.0176316662826395
attend,5.011441225072678
threaten,5.006974214666866
unemployment,5.00447484145037
agree cooperate,5.003651015643477
gop,4.997501550509703
reporting,4.9895775617984075
arvindkejriwal,4.986215207737108
attention,4.9835600377389095
crowd,4.981810152772153
debt,4.976665726615198
actor,4.974994821474242
letter,4.971528511113886
enjoy,4.966961223060561
amount,4.9558929845723725
age eligible,4.955415654012862
yall,4.9532378561324695
quarter,4.9523683855993
reaction,4.951151875283192
passing,4.948975483161123
chair,4.946163099525386
faith,4.9403512143492385
tag,4.933514840900502
east,4.925242964193111
cut,4.921167384097293
insight,4.914449658867234
strengthen,4.908886830609141
peace,4.896559857633361
limit,4.891779531172406
tip,4.886584271955365
speakerpelosi,4.884211454230741
private,4.879981594085128
investor,4.879537452039005
straight,4.877849629798455
receive least,4.87151858391368
code,4.870534375303274
icu,4.869968363275473
curfew,4.868238746516532
earth,4.86249712571743
blog,4.861425865982392
charge,4.8576448194125765
joe biden,4.850251020152637
lab,4.849448753180627
amitshah,4.849107744304941
lol,4.847183638214711
boost,4.842619083033551
sonusood,4.830776541081235
street,4.8284571512412375
struggle,4.828257715028417
milestone,4.826991955540218
muslim,4.826037460711307
ongoing,4.818720268965932
sad,4.815697439341437
nuclear,4.810758516619384
awesome,4.810152750888972
shooting,4.801013247392275
poor,4.798348877087968
pas,4.789016852008701
podcast,4.783735441693429
weapon,4.783646059335845
quickly,4.783216374533221
arrive,4.773436678201336
fine,4.767338983231003
secondwave,4.766989932312092
authority,4.762830735029597
secret,4.7594842216951285
europe,4.752655696774347
quite,4.745089251831103
fda,4.744616689249214
upon,4.741835744283867
executive,4.740269811635904
vice,4.740098357957684
florida,4.737559134491102
precaution,4.733049029608708
carbon,4.728125059173217
asian hate,4.72592380185419
remdesivir,4.724269383656187
middle,4.722494720488274
as,4.721585687819883
fire,4.717069579978525
handle,4.713892633793683
meanwhile,4.706879267569472
ted,4.704796814623627
alliance,4.7023387204702445
truly,4.699014933084869
refugee,4.693755665328715
raw material,4.692680432699567
antibody,4.691291374774847
cylinder,4.690072649169951
legal,4.687609711593055
clinical,4.686534368698573
victim,4.684151878255446
kick,4.683770424523038
case death,4.681560059287636
colleague,4.673592483481786
mandate,4.6714305829908005
webinar,4.670513386725932
boy,4.670076113584275
hong,4.667881115895972
pledge,4.667207575627042
kamalaharris,4.6636836403825885
hrw,4.662045341870927
prof,4.6565462256825825
diplomacy,4.6538335499090735
maker,4.65236267418031
society,4.6508890932501314
happens,4.644786888329174
wow,4.639396518939279
additional,4.635852982674005
jury,4.635284832153719
senate,4.63320723277508
nytimes,4.632329744304052
recently,4.625403892117336
discussion,4.616023621903848
korea,4.615739286642815
bsgzy,4.615027054288346
buy cvy,4.615027054288346
cvy bsgzy,4.615027054288346
cvy,4.615027054288346
buy cvy bsgzy,4.615027054288346
toll,4.612406423131448
russian,4.604425949123591
confirm,4.604206542313721
work together,4.602571883203761
gdp,4.60139103716317
nice,4.600208698129795
producer,4.599077341552371
professor,4.598267294636795
father,4.593267194489873
shanghai,4.588864372307674
cancer,4.58597301652006
conduct,4.582777900369304
channel,4.582569297510701
identify,4.581471989748485
engage,4.575214828246488
alaska,4.570602360927591
feel like,4.566386044412531
shame,4.5558740342916835
essential,4.553016022637761
counter,4.551968787419856
distribution,4.544973167915024
headline,4.538926835372038
pharmacy,4.536278289140403
aware,4.535584414999733
million people,4.535404286531544
consequence,4.535194621670638
plus,4.530293698421085
spike,4.5295403302388255
spring,4.527724153954692
yeah,4.525252314852386
crisishttps,4.524478426829513
buy gzizkglf,4.524448578789598
buy gzizkglf wiq,4.524448578789598
gzizkglf,4.524448578789598
wiq aff,4.524448578789598
gzizkglf wiq aff,4.524448578789598
gzizkglf wiq,4.524448578789598
aff,4.524448578789598
recommend,4.523633312708473
alone,4.519022281055552
cap,4.518822342808849
failure,4.517206408919123
quick,4.5144859900158405
explain,4.514147698938901
whitehouse,4.507897644936018
youth,4.502639527051265
strategic,4.5016853337009195
combat,4.497195096689482
terrorist,4.488527210053583
glad,4.485766337943897
commission,4.4857380296905704
couldnt,4.483190297763137
sound,4.470252755220437
weve,4.465557436519862
spending,4.462719847497006
plz,4.461101800556386
spokespersonchn,4.457277581354952
world big,4.445109604564081
animal,4.436230907923606
waste,4.43369560547049
shall,4.433453296089188
fool,4.432879114743566
york,4.43227425140596
express,4.424213280057777
nh,4.41826656790092
immediately,4.418148307309701
reopen,4.417238553914468
efficacy,4.416487754279807
conspiracy,4.414534591903704
deadly,4.409607406295425
average,4.406516012237894
forum,4.405396597599943
thursday,4.400577015428922
liberal,4.397003605843098
antiasian hate,4.396646751046674
peaceful,4.392706831995223
town,4.389823063042585
however,4.389334546945172
scale,4.389207207061347
patent,4.388345842560312
outside,4.388116223616583
neighbor,4.384870055756771
southern,4.381449793813826
university,4.38143265852562
cnbc,4.381118061602857
color,4.37473105536508
faster,4.368820262079521
requirement,4.363781421664558
last week,4.360314200754472
george,4.355251431870623
exam,4.35511569437509
fill,4.339028666610226
half adult,4.3375051969718275
appear,4.337120612478948
availability,4.334665217357682
education,4.330980362698144
percent,4.3285129352174305
consumer,4.32223450245283
around world,4.318556113019586
definitely,4.315738271803187
sit,4.315654424212214
english,4.312212384692517
room,4.312005135319757
golf,4.310151004476888
involve,4.304550190753799
wtf,4.3031228859125665
social medium,4.301276861774966
six,4.289387655749643
survey,4.289129133463736
damn,4.275974542076326
deserves,4.2582311933270045
candidate,4.257337807412982
offering,4.25626121720808
note,4.253438520671291
union,4.251624245690742
hearing,4.2510446003518
zero,4.248916212199084
aid,4.244298003984586
australian,4.243325824292081
firm,4.239966092016665
cure,4.238223270743518
prince,4.235276846333864
second dose,4.235275664950128
reply,4.230610983403251
internet,4.22910526659463
tough,4.226781181884185
least dose,4.225122334547246
vaccine rollout,4.220936587662139
pause,4.217372841887197
shouldnt,4.217232684252755
sea,4.213520921479905
voice,4.213473616817628
toward,4.210279255930384
scenario,4.20699412907062
couple,4.203932331926176
organization,4.20058885777475
crime humanity,4.20050698473663
regime,4.199557391854801
argue,4.191675278623582
agenda,4.190168751940575
john,4.187096500727567
shape,4.184766702174481
dos administer,4.182495907958649
minimum,4.180118259278657
strain,4.179190445481785
presidency,4.174261716213156
lucky,4.173569207444357
maharashtra,4.173176228036634
funding,4.16600307497681
yuan,4.160842546882295
maximum,4.158965261664688
com,4.157468045142388
shock,4.150982966684024
cell,4.143300777119973
joint statement,4.1423857203559615
wearer iots,4.138895734685778
glass wearer iots,4.138895734685778
nobody,4.137407808364198
becomes,4.1373784868093875
mar,4.137113926717532
dose vaccine,4.1353176536342975
donate,4.12687097478462
bet,4.1242740290640425
arrest,4.121788482915825
husband,4.12161688521948
social distance,4.12013921737122
healthy,4.1103323162082654
festival,4.108972827193346
prove,4.10896328950504
basically,4.107585629279823
conflict,4.105526359225538
direct,4.0994058542630345
survive,4.098275622919397
fair,4.095329386622186
expose,4.08741899735765
player,4.071901644525303
million dos,4.069146869039513
many people,4.066539556180037
hundred,4.0609878603869225
wouldnt,4.059691396363997
guide,4.052983876769352
represent,4.042232431575556
cat,4.041418747128187
jinping,4.0409523691801805
holiday,4.03946571834063
briefing,4.038582930216159
possibly,4.034308692782383
kong,4.031281651275927
communist party,4.028370907127681
puppet,4.0248361526388585
california,4.021206029100241
silence,4.017520973879071
busy,4.017479598445898
ford,4.014517240425912
label,4.014171923686909
tune,4.010909871223906
worldwide,4.009393868256038
alert,4.008409571684638
importance,4.004846568068121
era,3.998423588961111
field,3.997410875998777
people need,3.9960161104939327
lack,3.993130728085811
youve,3.9906013943862977
help people,3.9879996150626567
match,3.98565846076711
pick,3.98516496508651
mistake,3.978466916512492
pull,3.9768755612980002
league,3.972726161276866
hospital bed,3.9698159046890074
grant,3.963774986452162
loss,3.9632249983786556
quote,3.962427636904018
immigrant,3.959128297256849
weigh,3.9519446605892723
pregnant,3.9518878624458122
factor,3.943966118094407
literally,3.941587402044395
foundation,3.937253374125373
affect,3.936373890808307
afghan,3.935907073136183
theme,3.9357048697806536
torture,3.9337442768037527
impose,3.931655373573537
warns,3.931287062625111
coverage,3.9305397521625185
rush,3.9257024058014567
scott,3.917170163339088
weekly,3.9143076553461142
witness,3.9142845782064817
chart,3.9140701120204477
last hour,3.9129764845166313
african,3.9118428483562595
guard,3.9008993613121246
pop,3.9004501697573843
wonderful,3.899622480196607
gotten,3.8981304423969427
lesson,3.896082969194166
insurance,3.8952013240708228
facebook,3.8895981340898507
expectation,3.8889830284792457
funeral,3.8885243576022837
fit,3.8853136127688077
annual,3.88343297695443
crackdown,3.8749014606034606
switch,3.8727505097254324
fuel,3.872672778375606
vaccine may,3.8724706427470457
delay,3.8695658001756357
invite,3.865573399451077
appropriate,3.8653097463614494
explores,3.862032444227192
collapse,3.8605173768644065
serve,3.8590184181065537
notice,3.857680724871809
defend,3.8537787564686536
purchase,3.848199579522981
ball,3.8480370863204523
tackle,3.8477571671302515
first shot,3.8431881540929793
dose today,3.8401385564168837
whatever,3.8382519667736883
investigate,3.8376305364274828
face mask,3.8321672824292765
image,3.831962005603386
govts,3.828292265507351
slow,3.8237974844696385
dumb,3.8227223508337813
covid pandemic,3.8195179525035563
directly,3.8177177753948546
operation,3.8161847486009464
file,3.815990433578575
spy,3.813448663016732
bengal,3.8088592033985673
death toll,3.805398515072292
zlj,3.8029048488370276
collaboration,3.799152890986874
guest,3.796992819717382
gas,3.7930945247633594
aoc,3.791878008220353
apparently,3.7917790935730653
cry,3.789395979686238
ministry,3.7883895567374477
generation,3.784472091858944
develop,3.783589189083421
violence unemployment,3.7817130426900696
poll,3.7796933627624427
tiri inu isterroristhttps,3.77354988704036
isterroristhttps,3.77354988704036
inu isterroristhttps,3.77354988704036
effectiveness,3.7679867983766036
significantly,3.7529288638476253
vulnerable,3.752555673225219
vaccine dose,3.7498955157154135
fightscorona,3.7485022211195127
borisjohnson,3.7477959986765446
covid shot,3.747720285010674
block,3.7473449137467183
chauvin,3.744664668122268
four,3.7373168298731767
africa,3.7371683283813297
replace,3.736779174864383
speedy,3.7345581012314533
curious,3.7320818389380466
govt india,3.7273311375203133
gov,3.7233488872767126
powerful,3.719579484770563
doge,3.719493820038453
door,3.714631204792857
navy,3.7132885807426628
search,3.7127539861786953
movie,3.7122329227309607
excellent,3.711634563506546
forgot,3.710542037575229
severe,3.7090082496015615
mention,3.706173243582604
obvious,3.702464321442257
mountain,3.698871042125814
sticker,3.694348291560859
intelligence,3.6933837364283044
writes,3.6877151437792315
character,3.6869834964867843
central bank,3.6809627624740755
reality,3.678874055564436
package,3.678281661628879
judge,3.6739524559741707
shopping,3.6719174032041657
prediction,3.6715442526492534
realize,3.668840573268895
mental,3.664447749041347
retail,3.66033709371433
people die,3.657637082356152
majority,3.655916638310317
reserve,3.6547481979847176
commercial,3.6534505228843717
white house,3.651827445352115
min,3.639352346101661
highlight,3.636648735961715
horrible,3.6356356918844357
need help,3.6352502706339185
airport,3.6333223580465286
save life,3.632579172172716
page,3.6293256774402747
immigration,3.6283006469683676
careful,3.62746989675591
vaccine appointment,3.6254998613002742
elonmusk,3.623308861548572
timely,3.618049052906896
bless,3.6161029688541007
delivery,3.6067022185465554
proof,3.605863194146999
sat,3.6009082880589527
dog,3.5979219939139697
table,3.597481213564434
signal,3.5961255197080124
stress,3.5947262332279886
every day,3.5939399712405233
urgency,3.589536116734493
activity,3.5875044326322785
discuss,3.5837596282023703
coin,3.580684171181011
rare,3.573569307733064
payment,3.5704100730349753
vastuullisuus,3.5684255215597025
partnership,3.5680421850774184
statistic,3.5665998199546385
except,3.5638158015308337
biden administration,3.56337211084007
panic,3.5627504845362092
council,3.5624552786966053
equal,3.56188643429527
accountable,3.5592168781072964
junta,3.558578239794427
budget,3.55441925616309
department,3.5532111380467373
explains,3.541314437636927
resign,3.529924292919255
advantage,3.5280069728146763
crore,3.52554624488252
denies,3.5242422299077023
age may,3.521656691616889
excuse,3.51934562735393
people like,3.518043366357053
tuesday,3.5174600671456333
pharma,3.5162204298850295
mutation,3.5158982108948273
download,3.5146561652509836
presence,3.5118711601823485
progressive,3.50928244127819
msnbc,3.5045092120649355
bag,3.5022740746786387
planet,3.501921040647238
abc,3.5011418434505144
motivation,3.500808663242014
main,3.499558177610252
mom,3.49713200595851
tire,3.492216106570402
grateful,3.4885760922863325
adverse,3.487749724454577
guidance,3.485741533051046
baby,3.4820272204924425
conservative,3.4795337157299295
accuse,3.474320475577365
tesla,3.471997498350773
taiwan,3.468026491248111
criminal,3.4632204120233774
hong kong,3.462827444398271
exclusive,3.458892089047176
committee,3.4547327560784655
brings,3.4540371331114765
star,3.4507778982250263
marketing,3.4474121774235056
distribute,3.4379578840805305
british,3.437827461910125
personal,3.4370285089710326
president joe,3.433559462486244
canadian,3.4321410745256196
respond,3.4296248208581424
flow,3.4291697419039084
tourist,3.4291046383819435
aggression,3.425530323005403
spent,3.4221891007997076
would like,3.4218065745702058
iran,3.418567725249809
blind,3.418356788211853
shout,3.416114616938228
count,3.415115696689312
survival,3.414183419020009
asset,3.4140796215950897
xhnews,3.407843131040558
village,3.4005277784965857
suga,3.3985450260760413
whose,3.3960755683219226
initiative,3.3950268654279467
prioritize,3.394368423280169
user,3.3930626900921923
foot,3.3929449859335605
nbcnews,3.3921559001120896
weak,3.3888596394768182
false,3.3886792746479273
covid positive,3.3834862981710265
year may,3.380832798505297
wasnt,3.380765132515182
bbcworld,3.3801004527806287
slam,3.378897277595967
gold,3.3772854471505025
hero,3.37507190755239
overwhelm,3.3733315315190695
adult eligible,3.3694120347243075
slavery,3.3686142247069584
divide,3.36676927651608
accelerate,3.3606439294343793
simply,3.359854761374343
condemn,3.356351938223816
inject,3.354979461668452
mining,3.3546920185368223
journalist,3.353688240126319
tsla,3.3523174588123914
text,3.3445171532103566
station,3.343998471522181
hall,3.3406193706665173
maintain,3.340264819124533
solar,3.3396873728236884
earlier,3.3396127550792545
anti,3.339202036938368
suit,3.3373803821524026
illness,3.3373481835108034
oil,3.3368809082614845
smart,3.3294451932875146
toronto ontario,3.32708406685204
environment,3.326004138010484
newsmax,3.3254759526500806
analysis,3.324091507361041
limited,3.322306069080383
pig,3.322207015240262
receive least dose,3.3205978608410067
pretend,3.319592968109807
advance,3.3182799388982063
woke,3.3148756043201892
accept,3.3146718924004217
ryan,3.3135369649918807
cant even,3.313151864627195
status,3.311597452832069
eligibility,3.3113239160396604
income,3.3090652598860606
survivor,3.303726840999751
home family,3.3018255150426046
force stay home,3.3018255150426046
force stay,3.3018255150426046
home family business,3.3018255150426046
family business,3.3018255150426046
mile,3.3017894101151986
ndtv,3.3004832123294854
success,3.30020499091982
break news,3.293993149061787
please share,3.2922032350695485
mission,3.2914350705541766
killingtibetans,3.2906113202153753
republic,3.288131417323798
teacher,3.287605315772727
booster shot,3.285045627852417
mess,3.2841865818207143
pretty,3.2831222762392382
usd,3.279357105065993
speaks,3.270519155363524
holy,3.2701468105986136
unit,3.2682261696965638
singh,3.2660980612797004
asian american,3.2652712618864865
hotel,3.2647913709590837
outbreak,3.2637585020970468
domain,3.2632523907378284
equity,3.2622535295106725
collect,3.260943193963075
july,3.2577668781193294
teach,3.254274599154223
pmoindia narendramodi,3.247663463213772
experiment,3.2471487362782936
transmission,3.244731001626805
herehttps,3.2429014992109013
sentence,3.2397424109095065
adult receive,3.239598875620336
closer,3.2341734365123402
correct,3.2313642886519736
confuse,3.22774750564926
frontline,3.2261021699154013
red list,3.22567668927265
mutate,3.2247988595265964
jack,3.2232755948223217
clearly,3.2228427848678742
lower,3.220387305545564
sideeffects,3.21653207157327
urgently,3.215831498441461
thru,3.2135508984713876
cmomaharashtra,3.2108130169665916
kill people,3.207706524441533
guilty,3.2041414012561704
planning,3.194646127898452
health minister,3.1939711173339456
fraud,3.1927058489848807
cant wait,3.1918272229174764
manufacture,3.1909284316407343
ground,3.1908560959695733
exit,3.1866774684535626
proposal,3.1863089342130992
repeat,3.1856567911845057
donation,3.18525695071488
rrmutsfjft,3.1799980678548714
subscribe,3.1771167421808473
border crisis,3.173925765399664
us,3.1716842746716014
clean,3.1704376512176076
racial,3.170007779100768
receive first,3.165003231423439
version,3.164399391786076
liar,3.1625966026427124
bubble,3.1625628867487783
suspend,3.1619223956197797
report new,3.159109675539136
root,3.154705947322997
own,3.1543154139537517
visa,3.1543013264359256
people fully,3.1536257020790988
sometimes,3.1526448183433686
speedy recovery,3.1515832558122816
hoax,3.15093386005475
guardian,3.145742420217484
peak,3.141317521191784
june,3.138068883289166
bridge,3.1376229123505843
everybody,3.1370005834713584
style,3.1340706122541295
tone,3.1332777623109105
damage,3.1291790573733773
herd,3.12820792942462
confidence,3.127097341504623
richard,3.125942561961165
alien,3.125025095934493
mild,3.1208951418298394
programme,3.119789063253062
household,3.1174999983516867
oppression,3.1146434735611854
subject,3.1138777469754104
new york,3.110253710423925
life matter,3.1100654318512033
pace,3.108519559791204
spend,3.104242477708112
researcher,3.104128178929031
brother,3.097880101705931
look forward,3.096904890030409
corrupt,3.0952025642264402
inform,3.0932132230835667
uftti,3.0920581516255705
dept,3.0919590621221222
finance,3.0909568870359734
feed,3.0904526052182706
rise case,3.0897959073549224
continued,3.0894695913107477
vaccinate people,3.081697038881289
dare,3.0802276984321
stage,3.077281973085959
adventure,3.0759378256469243
ease,3.0758237165345816
first quarter,3.0726489395880194
multiple,3.070118177511072
institute,3.0667598972836076
germany,3.066658159610093
choose,3.0664874697296542
enter,3.0660139243467963
admin,3.063911156053129
electric,3.0630382809084704
withdraw,3.0628904446065155
crazy,3.0628309643261997
unless,3.062549353629924
headache,3.059250785219376
wednesday,3.056859841308578
unable,3.0485044510965986
ventilator,3.048458811170428
wife,3.0470993899331664
spoke,3.0443617363195563
parliament,3.0422859190411002
affected,3.0404717181691643
aka,3.0322297870105595
last month,3.0305955752798965
afraid,3.0284412404825067
approves,3.027018766637221
apart,3.0265154642887464
narendramodi pmoindia,3.025669796409377
begin may,3.025066614383429
hasnt,3.0248658399764787
retire,3.0236097086524216
fight covid,3.0232184878056896
enemy,3.0224617027939824
industrial,3.0209806137281787
defence,3.020159176400408
restrict,3.0165864402255362
climb,3.014597153730895
navalny,3.012707690091776
earnings,3.009599147698131
dispute,3.008139141651895
laugh,3.00653829598104
dose do,3.003543864525618
usled,3.0023707361774354
suggests,3.001983887438191
transition,3.0011549706965224
wuhan,3.0007973690016487
public health,2.9981418878087256
remind,2.996682658223234
business school drug,2.9961560316709903
home home,2.9961560316709903
business school,2.9961560316709903
available russia sputnik,2.9961560316709903
stay home home,2.9961560316709903
safe available russia,2.9961560316709903
abuse violence,2.9961560316709903
family business school,2.9961560316709903
denies safe available,2.9961560316709903
drug abuse violence,2.9961560316709903
denies safe,2.9961560316709903
russia sputnik,2.9961560316709903
safe available,2.9961560316709903
available russia,2.9961560316709903
abuse violence unemployment,2.9961560316709903
school drug abuse,2.9961560316709903
drug abuse,2.9961560316709903
school drug,2.9961560316709903
home home family,2.9961560316709903
daughter,2.9942960151115683
bipartisan,2.991683240540989
bar,2.9900186880495774
outdoor,2.9886982210624877
properly,2.988273980913356
publicly,2.984044401969517
seat,2.9827698169132932
number india,2.9823650336491383
secure,2.9817078177735485
eligible covid,2.9801998548526867
christinalamb,2.9769741676528705
corporate,2.976926252161257
mainstream,2.9767245481970193
idiot,2.976702811043283
wang,2.974454831387243
origin,2.97397416874823
gathering,2.9690459554578537
advocate,2.9653310560388895
spread awareness,2.9648794541435386
scam,2.963707422757335
anybody,2.961288292194099
forever,2.961128511304367
prepared,2.956852308849779
decent,2.955027532590617
various,2.9525681958918284
winner,2.952520337166629
commentary,2.9503598387713144
president trump,2.94780816370842
club,2.9436501131432973
mass shooting,2.943314628888565
king,2.9429366120334204
jan,2.9420920885732014
agent,2.9420294503588766
agreement,2.939853519020056
crucial,2.939422449424942
alive,2.9358451466190663
agency,2.9330365662819844
decrease,2.9319995502205476
verify,2.9314963411861195
back normal,2.9288088308731837
item,2.9254110653878738
extra,2.921772663168836
auto,2.9210304299990093
mumbai,2.9140386490808137
philip,2.91379941692856
premier,2.9128660634600334
exact,2.9126607894551704
perspective,2.911004331325503
appreciate,2.9069432580536
cultural,2.9051009233596905
lord,2.9050584750850534
felt,2.904636715372263
blow,2.902832957712142
mln,2.9010065911454004
board,2.8961521468076703
yangtze river,2.895476880964982
yangtze,2.895476880964982
saudi,2.893601982436724
invade,2.892553033367121
alberta,2.8904885579921316
admission,2.890207799625303
digital currency,2.8900614310404373
brown,2.8868234120645058
ambassador,2.8862173538244633
reminder,2.886184563139601
derek,2.885990119319684
wash,2.8859822037107787
herd immunity,2.8829214030234995
sends,2.8816383584408043
hospitalization,2.880079212647933
everywhere,2.880025939859893
actual,2.8765904292293567
exercise,2.875464961833216
thedemocrats,2.874173645258242
manipulation,2.8735857878180453
expo,2.873293681103159
people fully vaccinate,2.8727129080954503
biotech,2.8723866761207066
buying,2.868383052009751
owe,2.866255545153284
passenger,2.8659691882096667
deputy,2.8637286319687947
usage,2.8615333773034863
want know,2.8555596663447074
people vaccinate,2.8527351582411473
hop,2.851368805546768
suppose,2.8512791119133176
interested,2.849838219759224
start may,2.8455599378619603
paid,2.841535119972961
owner,2.8395549599135914
trouble,2.8379980175422683
south asian,2.837966046323754
funny,2.8340905124820903
regulation,2.8338442844947673
pfizer vaccine,2.8326155310467067
completely,2.8317930492297823
ukraine,2.8305389178793865
session,2.830418782371407
scar,2.8298555734487634
cool,2.8292810336982352
unity,2.8205500077903833
surge case,2.8178336929152867
educate,2.8177780356087787
fix,2.816518833334103
independent,2.8162023080475707
statedept,2.816029601801974
built,2.8128517621215887
relieve,2.8077480119181213
australia,2.806630887769381
advise,2.804588367505013
apology,2.8009164515775837
etchttps,2.8007620851067228
fittingly etchttps,2.8007620851067228
fittingly,2.8007620851067228
narrative,2.8002355013689058
tour,2.798658703421301
migrant,2.7977798333526254
cold,2.795741760562215
cop,2.7931369692548826
year age,2.7927270037263554
helpful,2.791931903756986
wage,2.7906000600215033
taught,2.790291554090133
approval,2.7901589415612613
vaccine vaccine,2.78674786963468
cross,2.7833173030187686
otherwise,2.782213282404669
none,2.7819784987998433
surgery,2.781912757116146
vaccine passport,2.7785157261776106
master,2.778504718681035
screen,2.777383819204533
cheap,2.774881339849697
window,2.7744362816998906
coach,2.773868888716676
define,2.7716367919766602
difficult,2.7699849482196846
activist,2.769545813770799
antiasian hate crime,2.767108655080507
destroyed,2.7661063410428164
know number,2.7648648384906265
see people,2.764527818010546
lunch,2.7632563942460067
receive covid,2.762891827080637
connect,2.762888570294775
natural,2.762822740577888
half adult receive,2.75984209571505
sum,2.753357061320494
okay,2.7522248223718195
compete,2.7507748767588858
ceremony,2.7500337503523866
hello,2.749738232689766
floyd,2.748761781950867
presssec,2.7441356919835806
stake,2.7429076226974534
world leader,2.741278593710386
epidemic,2.741033298683705
bond,2.740425474933403
dose covid,2.737655936954155
forall,2.735817588251158
appeal,2.7353466185292508
afp,2.734147371730055
david,2.733273488494225
footage,2.732709438713714
forbes,2.7306688088559543
doug,2.728720253229982
economic recovery,2.7270714885177814
suck,2.723154901734488
tower,2.7230360730368055
fox,2.7219623097096473
kindly,2.7193174881424564
danger,2.718566965367432
topic,2.7173865935343753
volume,2.7170872375078954
vaccine year,2.7089295101182276
registration,2.7083804837030456
sikh,2.7076751280247247
supporter,2.7071665246652183
cnnbrk,2.706829959297543
pain,2.7063901001888855
stimulus,2.7012445735655484
legislation,2.6996610024768057
kerala,2.6977443420698157
yearold,2.6958302849903464
religious,2.6919062547201857
propose,2.6903259030186932
assistance,2.6859098062236466
opposition,2.685575189576417
who,2.684109379749523
secondwaveinindia,2.6812515593250286
strike,2.6804297022636017
vehicle,2.679052021151492
hoard,2.67710921589481
safe stay,2.676869488735298
act like,2.6766813088614643
occur,2.67660448763351
srinivasiyc,2.6754680943172318
expansion,2.6749945148302867
people still,2.674085407172066
elderly,2.672071063102749
soul,2.6713450251530375
reel,2.67121663777305
adult receive least,2.6692312691450644
vaccination drive,2.6691174916006264
postcovid,2.6686004132879253
cash,2.6670223924636027
cinema,2.662705304274974
allow vaccine,2.662243386824686
india allow,2.662243386824686
india allow vaccine,2.662243386824686
wheres,2.662004239532002
flag,2.66120097728497
vacation,2.6593831474804444
west bengal,2.6565627109056584
box,2.655024175932739
prodemocracy,2.6542551247137403
enforce,2.652505732022958
sink,2.652263195496716
ccp,2.6512011642981532
fascist,2.649856575985585
violation,2.647940243599363
association,2.6461108614706808
world need,2.6458431815388312
affair,2.643972680884088
pattern,2.641839130142079
professional,2.6417690410256127
morrison,2.64044716815804
rip,2.6404170773820193
apple,2.6396510834906826
vaccinehttps,2.6394983958972196
middle class,2.6389161503924754
complex,2.634119252193694
strength,2.6335543914506685
often,2.631553349873002
deny,2.6297965929004827
wealth,2.6276566001211665
surveillance,2.627629109286709
concerned,2.6261384843863183
embarrassment,2.624340502143911
rape,2.623266620056211
twice,2.6226116385205973
eligible vaccine,2.6218806788624898
remains,2.6203904832862333
reveal,2.619991042477019
whats happen,2.6190582944532816
seem like,2.618610778083334
primary,2.6184064036518326
transparent,2.6172374674810484
panel,2.616299909641169
pathetic,2.6150359652430586
prevention,2.6144260147686156
call investment,2.6127550169550355
stop spread,2.612501703050362
guarantee,2.610804202331378
injury,2.61063272937678
kit,2.608817452421329
impossible,2.608119840656566
thailand,2.607898544986096
tolerate,2.606243714485606
hate asian,2.605202709242918
perhaps,2.6030617042181627
shield,2.6027831384726703
defense,2.6022568817527034
winter,2.6009391679302065
high risk,2.600327401373901
broadcast,2.599792084699702
active case,2.5997682159651214
gandhi,2.596964706440951
pose,2.596383139910907
attract,2.5946274557468
contribute,2.5920307591414664
deep,2.591540001688671
regional,2.5911864874480384
obviously,2.5905939340341586
olympics,2.5880411393981873
sex,2.5862039836544874
hesitancy,2.584863177394645
sample,2.5844729034298526
sow,2.5834857752802716
officially,2.5830560276433028
fever,2.5828850015757516
disappear,2.5787151182439394
economics,2.578665659798431
need know,2.5785056867050855
case rise,2.5779854717462993
implementation,2.5771207648360233
emission,2.576721819167486
viral,2.5762298705446174
rahul,2.5758919653539967
intelligent,2.574622288190911
standard,2.5735763729719103
seruminstindia,2.5729693729666048
bbcnews,2.5707710045700862
abroad,2.568795351363656
beautiful,2.568261965964259
permit,2.5680496366896084
criticism,2.566889085314347
preparation,2.565041552458695
suggestion,2.560141694677466
scmpnews,2.55996654845889
embarrass,2.559805863234135
enable,2.5589177228114495
island,2.555534262522805
ruling,2.5552732111587755
abandon,2.55409729178666
traditional,2.5533957663203517
clothes,2.5515696524818527
rival,2.5506251249729073
age group,2.549901367340622
everyone age eligible,2.54841033258426
aapi,2.5478881601449688
associate,2.542956256065902
eligible receive,2.5429212461277237
speaker,2.5429059211018603
acknowledge,2.5401779194984506
icu bed,2.539235521682478
ontario alberta,2.539122496227349
housedemocrats,2.5387917938108915
fourth,2.536512131511542
rid,2.5357442064756937
governance,2.5335804932725186
camp,2.530670222879989
brilliant,2.530075088923946
adviser,2.529884697121969
met,2.5283823720836405
covid test,2.5279476157383978
transfer,2.5277660407664913
barackobama,2.527454306266615
provider,2.5256383548100367
national security,2.5249291685212576
participate,2.524192835083821
cabinet,2.5228399288823358
turkic,2.522344016301549
cbsnews,2.5153296127016787
destruction,2.5120923894255265
institution,2.511898344634352
gotta,2.5118804425941303
needle,2.5109483069607736
communication,2.50547393060663
climate summit,2.504103027180861
big break,2.504006703528154
weird,2.501908559313669
dictatorship,2.5017364539338875
climate crisis,2.500810431502151
recommendation,2.5001227882327965
december,2.500075480791189
bjp india,2.4996504304448806
arrange,2.498645060369532
season,2.497737133499645
vaccine do,2.4972091360005817
vice president,2.496566914673427
real world,2.4930911096540465
monthly,2.493045013019009
explores way,2.492640388832517
shes,2.491686430421873
mix,2.4913033380649208
whatsapp,2.4912504516675495
stop use,2.4907861157731324
withdrawal,2.4889511769315424
royal,2.4887249567255125
may india,2.4884331919540434
michael,2.4866677061958917
case today,2.4837738443258157
punjab,2.4832423168431497
self,2.4824122649711855
grown,2.480746857006001
campus,2.4758587511974497
chongqing,2.47496880011769
august,2.474892738794776
counting,2.472204653629878
plane,2.471987839389409
due covid,2.470107764087259
report new case,2.4684890966457567
explore,2.468434352009595
argument,2.4655009710435754
dozen,2.465345967171733
resume,2.4653379518036718
theyve,2.459679342310024
rest world,2.458909183667296
internal,2.458269063549375
originate,2.458079220359995
long ago,2.4558818380717264
pfizer moderna,2.454871899960912
manager,2.454123509827572
whistleblower,2.453131682705419
cast,2.4523028494802968
organize,2.451375680564
dose pfizer,2.451067142148466
duty,2.4498949712791664
toronto ontario force,2.4493066410348754
violence unemployment life,2.4493066410348754
unemployment life canada,2.4493066410348754
unemployment life,2.4493066410348754
canada denies,2.4493066410348754
life canada denies,2.4493066410348754
life canada,2.4493066410348754
ontario force,2.4493066410348754
ontario force stay,2.4493066410348754
canada denies safe,2.4493066410348754
exploit,2.448616114553515
load,2.4482836656066054
interact,2.4477851405146325
hat,2.4449074535062434
skill,2.4445583709976013
age year,2.4443885118373982
award,2.4437474126466
korean,2.4430806452455873
covaxin,2.440598344350251
theater,2.439994654370239
learnt,2.4382988804856858
donor,2.4380988764916895
wanna,2.4369683487026945
book appointment,2.4361009401172993
driverless,2.4360051519251766
people age,2.4357113950333447
bear,2.4356201318061093
zone,2.4346098514234575
democratic,2.4314326398909882
news india,2.430704923494747
beach,2.42896829995113
driver,2.4268824306336354
need stop,2.426723550965178
first jab,2.42660257645806
pacific,2.425127314157541
fails,2.425034864633518
supply chain,2.4215122593083453
unvaccinated,2.4212839084352793
purpose,2.42039612891982
need vaccine,2.4196967831326606
coordinate,2.418304846176364
grace,2.415301685013541
robert,2.4149405571970255
lot people,2.4117936502750217
scream,2.410264169575443
hire,2.407108795920462
squeeze,2.4060825181203467
champion,2.4056030173491902
fresh,2.4046918311091416
xinjiang,2.4036716460227123
attach,2.4019543224102367
open border,2.399685989171947
caught,2.3977433191905257
extremely,2.397435725943726
plot,2.3959574312206877
thus,2.3933366813613226
cooperate climate,2.3931027266570597
mental health,2.3920406555354425
gen,2.391731123829225
accurate,2.390912258020054
procure,2.3905384967824963
first day,2.3899431609985773
reading,2.389295533560846
number india look,2.388229665838139
know number india,2.388229665838139
india look good,2.388229665838139
look good,2.388229665838139
india look,2.388229665838139
vaccination may,2.3873738575110486
peer,2.3852402867417157
ago still,2.384199878547423
desperately,2.383227289181095
reflect,2.3824906198536215
obama,2.381271758659405
aspect,2.3798587283370893
behaviour,2.3762576524844934
anywhere,2.3753881429837764
born,2.3748564844566378
allows,2.3747175649193646
increasingly,2.373937414149042
discrimination,2.3730927635137067
hike,2.3729614859953516
although,2.3713269455242996
cycle,2.371090789167149
farm,2.370247409976186
confrontation,2.3691441510790723
livelihood,2.3691162796718506
rapid,2.368554696536539
naval,2.367453820181436
stream,2.3657534902781108
secretary,2.363837972320072
developer,2.3629416174661446
drone,2.3623869566233915
bbc,2.361294948655279
icymi,2.3586805202584933
ani,2.358348690519669
surround,2.358249924460571
mistaken,2.3573413959761274
mainland,2.3570479566239877
travelgov,2.356479922668673
infectious,2.3562961271212015
bottom,2.354489261555898
remote,2.3535837196337974
blood group,2.3530208687649896
change mind,2.351335203068825
bother,2.3510496901992477
vital,2.3502558178793747
implement,2.35003050576463
vaccine dos,2.3493380179053407
sudden,2.348676162376257
college,2.348253814698826
number case,2.347794330639503
new case death,2.3466660357817792
monetary,2.342438467889558
new normal,2.341242213769984
outdoors,2.337501817194622
yorkers,2.335524659503751
new yorkers,2.335524659503751
entry,2.3354164171211225
trap,2.3345578736580976
god bless,2.3327461694619265
vaccine available,2.3324376117162995
sarscov,2.3289412936046485
praise,2.328797004478333
first dos,2.328606301848044
expense,2.328317919716207
sky,2.328170735728133
willing,2.3273062032736256
yield,2.327167577011792
riot,2.3265243738999257
index,2.3229602315141284
unroll,2.321993884137374
language,2.3214596270776005
gang,2.320617571590036
luck,2.3195120119406614
mutant,2.3187717929515115
pak,2.316160139709256
serum,2.3150219874818654
wind,2.3143159214045705
polluter,2.311930135347128
aapl,2.310686549015624
myogiadityanath,2.310611259655487
right time,2.310365602089429
everyone year,2.3092620978261387
entertainment,2.308671341485147
moron,2.3074030932831664
fight justice,2.3059838119630274
year ago,2.303970460253129
nsitharaman,2.302695882982737
detect,2.3010700247953033
rioting,2.3006672090990783
patriot,2.3006021259940383
recognize,2.294642475879048
ride,2.2945142572311594
chief minister,2.289860052439382
fadnavis,2.289680937229584
monitoring,2.2890874514609987
alarm,2.2886575184573585
dialogue,2.288042376982213
ticket,2.2868354267439983
regulator,2.2847941182976506
quality,2.284557048169536
summer,2.2833168913150814
basic,2.283058585279034
cnnnews,2.2828085521009527
taker,2.2812276971687915
violate,2.2808050688427377
gamble,2.2806375406429917
hug,2.2803975901829
sore,2.2802960214701025
background,2.2779953382956384
establish,2.2778475725166967
intervention,2.2761027482662772
final,2.2760056886648212
vaccine covid,2.2743440636162897
scheme,2.273918194919467
pleased,2.271887502109501
mohfwindia drharshvardhan,2.269780019086353
radical,2.2680257692429664
derek chauvin,2.266598055076839
traffic,2.2665733890205706
economist,2.265587866339012
nephew,2.2640380602381613
motivate,2.263803919588865
laboratory,2.263643180333459
vaccination everyone,2.2610371003313925
signing,2.2606703602249203
ignorance,2.260032639560153
locate,2.2580955633405435
tribute,2.2569251087931796
jimmy,2.256916519353101
physical,2.2566830246060308
mount,2.255741616027337
size,2.2521598653001114
hatred,2.251891711138894
historic,2.2471824317978184
govrondesantis,2.2463956173894886
beg,2.246246249340805
driven,2.244974551617428
caucus,2.244701566554886
api,2.244327102038114
please register,2.2441434909071405
safer,2.2426029917746684
investment alternative,2.2422798134401116
emotional,2.242138817397441
ice,2.2419048458301742
aint,2.2417745198589745
spa,2.239886036884013
seize,2.23975800718864
jnj,2.2363907177697397
incentive,2.2353225062511
analyst,2.233738849753965
sport,2.2324726569704993
artist,2.232383300953965
brazil,2.2313462987805477
halt,2.230855737847575
moreover,2.2297565521685074
beating,2.229392927612569
scary,2.229185467948232
incite,2.229161591339348
urgently need,2.229085287077102
tea,2.2284029151664804
chinahttps,2.228201114004739
anyone else,2.228199708031083
neighborhood,2.2278216408399514
mine,2.2256331499112125
aiims,2.2224755670373195
covid update,2.2201968904396407
misinformation,2.220097889168678
sardesairajdeep,2.2196052596551716
bullshit,2.219477337090771
civil,2.2177078061072697
male,2.2173701239353516
calculate,2.2163609612101647
doesnt exist,2.215833084704181
document,2.2146378383352383
vaccine manufacturer,2.213326584754597
comprehensive,2.211594839253391
bus,2.210308204787009
birth,2.209716518280208
convince,2.2080360093079836
drw,2.2076352774996026
oqcvvl drw,2.2076352774996026
oqcvvl,2.2076352774996026
covid variant,2.206400995959106
wherever,2.2058045515698907
isterrorist slavery,2.204450769073846
hesitation,2.203920409061557
frontline worker,2.2015526249085413
investigation,2.2012940004855506
please vaccinate,2.1986954960816822
mostly,2.1975127888162964
played,2.1955880207643053
envoy,2.194079392366315
queen,2.1936786661978984
particular,2.1930704457364123
suspect,2.192027524325148
permission,2.1909438465458497
parking,2.1908373177594034
ahead key,2.18954604985976
petition,2.1892787931875968
zika,2.18853500164884
chicago,2.186878514159153
shipment,2.185048844633447
defeat,2.1849980468047887
equipment,2.184523164224819
vow,2.183940661667394
urban,2.1836075979887006
compromise,2.1830548970045958
participant,2.182330362779169
tragic,2.1811259710951356
case report,2.1788060810753827
brief,2.1778462950915145
dominate,2.177481738823479
cite,2.1773147772641104
biden call,2.1769712448079503
pharmaceutical,2.1768907812884
desperate,2.176868389259474
indianapolis,2.1765437581586737
kiss,2.1762648149871104
appointment available,2.1754358935567613
injustice,2.1750580203505545
holiday shop,2.174863222352876
shop idea,2.174863222352876
holiday shop idea,2.174863222352876
asks,2.174485925638166
mouth,2.17323448090022
possibility,2.1726573957956608
stop asian hate,2.169124701697475
stop asian,2.169124701697475
seven,2.167968899515514
brian,2.167639260242592
anthony,2.1673284315426664
manmohan singh,2.1639204582136875
manmohan,2.1639204582136875
dependent,2.1625375862730367
ambulance,2.1608860584837126
wsj,2.1607745675624015
rogue,2.1596864229616597
native,2.1592418580336528
machine,2.159144141656996
qqq,2.1584377677572086
combine,2.157391231288315
degree,2.157078077038455
seanhannity,2.1564323648544397
emperor,2.1564290103556623
well soon,2.154081888642087
section,2.1530946852761477
whole world,2.1519827597529235
wise,2.1517652259058586
breath,2.1512538979154123
draw,2.1479798230829075
soar,2.147827431723016
lawyer,2.1464969247985866
let know,2.1446223185104416
carrier,2.1446078508983737
long ago still,2.1435054595713154
pure,2.1413632042636808
mislead,2.139541815132215
corner,2.1389040307413274
asian man,2.13684669743812
year eligible,2.1367419505940464
pfe,2.136416280521968
enhance,2.1340654401993393
repmaxinewaters,2.133392705878032
patel,2.13333732923686
record high,2.133270434936575
president biden,2.1311179746636717
islamic,2.12999505292608
shri,2.1287009953372396
threatens,2.1284929027889814
feb,2.127774139827078
day day,2.127331255174455
elect,2.1270212519733147
chip,2.125110526024316
dad,2.124954778826673
motion,2.1245291490100247
dismiss,2.1211970517378607
white people,2.1201527250321024
mfachina,2.118258776874387
week ahead,2.1150605999268297
closing,2.1147719827059146
allow vaccine begin,2.11432494345053
vaccine begin,2.11432494345053
vaccine begin may,2.11432494345053
demographic,2.1141736706678436
many american,2.113106020422755
prisoner,2.112994141181843
severely,2.1123109540321394
opt,2.110724906622187
hide,2.110611830282197
consumption,2.1103126642804177
pin,2.109076545460703
brutal,2.108663052289262
another day,2.1084450393575196
reporter,2.1080878323472323
pool,2.1028589467824963
disagree,2.1018608133018026
soldier,2.0999156445370466
forgotten,2.098829576314942
competition,2.0959325340233717
chairman,2.095802771928741
israeli,2.094274363619277
profile,2.0940584479504603
civilian,2.094006497841582
mybmc,2.093178418145945
world news,2.08991717443871
attitude,2.0899143539097356
globaltimesnews,2.089278047948723
jesus,2.0883249996566766
concert,2.085689175382842
crisis urgency,2.0856387117912574
appropriate behaviour,2.085004220727053
regular,2.0847628083481453
rat,2.0841454282969325
professionally,2.0831370450471085
press conference,2.0821036529958312
storm,2.080736416989487
deptofdefense,2.0792793716445113
observe,2.079081334147083
amidst,2.0779899154027976
big question,2.0754480288745936
pneumonia,2.074509623637121
bharatbiotech,2.0744974174790665
ist,2.0704668322212116
liberty,2.0701649610671
similar,2.0701612739318076
state china,2.0700291894810565
thesundaytimes,2.0671174296554735
timesnow,2.0668985447780917
break news india,2.0664021764275846
news india allow,2.0664021764275846
elsewhere,2.062947683419493
ward,2.0621366298874975
rescue,2.0615040821623922
client,2.0612427523911445
popup,2.060879131454409
heritage,2.060289075581206
unprecedented,2.0582206287606875
workplace,2.0571895833385394
michigan,2.0569077798846407
pay attention,2.0560437354217886
fiction,2.0548676505562193
leverage,2.0486474341955967
exchange,2.0478529713315727
health care,2.042976755771051
january,2.0426793236166096
ability,2.0413286381210947
basis,2.039719803397632
gopleader,2.039534741799714
credibility,2.0376421692680355
weaken,2.0375422887852856
category,2.035235546378499
day lockdown,2.0326788985898383
modern,2.029560179368884
stick,2.028889890317825
intention,2.0284916359851497
incredibly,2.026745433887991
venture,2.025939956242226
refer,2.025539682732733
mad,2.025529366741678
fatality,2.0255277603080923
containment,2.0254614731889165
thankful,2.025222080608934
george floyd,2.02518709921468
proper,2.023868495215498
elite,2.0234300596457637
certain,2.022374554929314
offset,2.021502704104257
quiet,2.0212742739231886
day week,2.0211614507392124
girl,2.0204236371842215
hacker,2.0198057379756134
decline,2.0196002030230744
labour,2.0192824131473484
expedite,2.0156712686095304
prospect,2.015443532469633
mayor,2.015364834632575
know whats,2.0137584039755785
mossisnice ubccr,2.012661158084381
ubccr,2.012661158084381
ubccr crime,2.012661158084381
mossisnice,2.012661158084381
mossisnice ubccr crime,2.012661158084381
procedure,2.011043114903562
state government,2.009872674500683
discount,2.0097984085262453
still need,2.0096383320531914
amid surge,2.0095003901677386
case new,2.008936046105717
multinational,2.0085199080575418
oxygen cylinder,2.0081651153613334
infection rate,2.0075807050033836
jacindaardern,2.0075749789582797
ukrainian,2.0065132972211135
foreign minister,2.0043107530192565
flip,2.0039441639072333
deputy governor,2.0032948354359226
digital yuan,2.0017101896611376
urjaddou,2.00130510231568
monitor,1.9999864693487055
loot,1.9990777919092997
safely,1.998968174653401
american die,1.994268333085029
cargo,1.993723416943992
preach,1.9928179670881068
environmental,1.9921575393755155
grab,1.991376416457638
new variant,1.9911434489317315
football,1.9905231049614431
reform,1.988098680569444
provincial,1.987950928347328
inoculation,1.9874315349942449
dial,1.9873095543722767
think people,1.9846928614028425
wearer mile,1.984591441183203
glass wearer mile,1.984591441183203
absolute,1.9844192853439837
founder,1.9839157122237063
capability,1.9827401364475032
screw,1.9824394461654453
dems,1.9815464703286703
indeed,1.9815322809671616
eastern,1.9800653413845901
relative,1.9790880366590538
rtpcr,1.9764178740929457
sinovac,1.976324519777964
advisory,1.976302756061942
experienced,1.974286308106446
century,1.9739869484337742
hai,1.9721706203072675
youd,1.9701471583147503
northern,1.970124517494312
every year,1.9700321154648899
embrace,1.9697710981071066
new federal state,1.9685482843831084
federal state,1.9685482843831084
new federal,1.9685482843831084
whistleblower movement,1.9685482843831084
hopefully,1.9678852294096103
nyc,1.9669508944547927
reverse,1.9666573149512359
neglect,1.9663320239900506
honor,1.9661423905625082
jointly,1.9661029624448914
shirt,1.9653563706252095
fedex,1.965211432544919
title,1.963894325045083
non,1.962707668786403
portfolio,1.9614334302285261
steve,1.9600267641081865
isolation,1.9599192053246126
uncle,1.9593184614265677
anthony fauci,1.9590867215198153
spread word,1.951209083163567
submit,1.9511359729805535
amazon,1.9511014217847495
unknown,1.9505454884561322
grocery,1.9497181016979743
giant,1.9493949816879756
poverty,1.9483768016292868
cant find,1.9480503224292636
people know,1.9469374671045157
people wear,1.9458008524479462
protects,1.9450211924997667
bird,1.9448509455263905
gate,1.9445729422637015
btw,1.943851812812416
barely,1.9436268563406491
efficient,1.9433635746436881
reduce risk,1.9422815067910073
syndrome,1.939679196479655
alimayorkas,1.939079562890684
sooner,1.938983008182765
doug ford,1.9361939615910047
tide,1.9352755778965927
aajtak,1.9349991389805834
wen,1.93499313635629
coal,1.9340623870093243
globally,1.9334209291794324
sponsor,1.9334181505834271
theyll,1.9323311810563977
people suffer,1.9302137844937073
neither,1.930096552332289
unlike,1.9289733013761652
successful,1.9286097817005117
ignorant,1.9285186036756448
overall,1.92849587182475
incompetent,1.9275859934126889
direction,1.926195301231159
bright,1.9261319725669566
pmoindia mohfwindia,1.924798564779937
dominant,1.9241472864042801
kar,1.9230648191565156
proven,1.9211107766430822
equitable,1.9207247976520705
silent,1.9207057249396198
flood,1.9206845629878369
study show,1.9203351848099384
lovely,1.9182678279982581
sleep,1.9172119505459033
useful,1.916682722359999
reduction,1.9152082295192376
arena,1.9148697458328088
surprised,1.9126806587668537
mainstream medium,1.911972287157155
mwt,1.9106141018396354
goi,1.9104527432214526
biological,1.909523507503526
dose covid vaccine,1.9084517894705941
solidarity,1.9079982129495665
cant say,1.9072638096164058
receive vaccine,1.906719910233463
reject,1.9058599590907126
world large,1.9052496819074694
hygiene,1.9031357349487636
india covid,1.900559814269727
autonomous,1.8970504257614307
prefer,1.8968892699034954
property,1.8936019269663873
diplomatic,1.8931195123341884
clip,1.8924960593942957
devfadnavis,1.8894046444283366
china russia,1.8888259276523969
experimental,1.8877325503750297
raise price,1.8873167942460327
wipe,1.8854644590566987
grip,1.884250473471146
cruel,1.8842105034650656
athlete,1.8837964254452315
total case,1.8827694507197796
planner,1.8826162908821238
sister,1.8812558383249771
teenager,1.8806638956328454
jail,1.8804131648144309
lawmaker,1.8802592699453653
negotiation,1.8800859474467013
antiasian racism,1.8800200634160793
morehttps,1.8772878004529083
vaccine jab,1.8767531987706518
asian woman,1.875351010057117
innocent,1.8752430816173764
reputation,1.8741950295937957
admit aiims,1.8734913979326342
significant shift,1.8729743347965242
essay,1.8722852743937763
remark,1.8714788814394305
missile,1.8711639739960848
leaf,1.8703136864938912
talk point,1.8686017277602065
united front,1.8684424715446912
president jinping,1.8681655191438944
revenue,1.8676614765625938
salute,1.8661279219528426
incredible,1.8661027031638993
coronavirus vaccine,1.8644693465950604
alumnus,1.8631844194199054
september,1.8620439836702056
covid situation,1.8594109088300914
railway,1.85632180788886
offer vaccine,1.8549088556523259
pres,1.8532069668874789
comfortable,1.8529185888371762
commie,1.8521155547201804
last night,1.851610793051117
inability,1.8507052573609617
develops,1.8498832036100636
retail sale,1.8478400249350373
drill,1.8475769138654532
pile,1.8461392618881507
newspaper,1.8427194153771633
brave,1.8395565457628185
day office,1.8395186439543472
checked,1.8362925878266474
kept,1.8355936651032096
yellow,1.834840375821352
longterm,1.8340664334365144
observation,1.8339276840015293
please call,1.8319809878782112
finish,1.831387305977315
burden,1.826422553454351
look good yiueg,1.8261802451007136
good yiueg,1.8261802451007136
yiueg,1.8261802451007136
fabricate,1.8248245857588514
pact,1.8223361585126376
call investment alternative,1.8210642501874685
frame,1.8201740051634632
virtual climate,1.8167193289278147
publishing,1.8146401351335386
victory,1.813577064667943
socalled,1.8133472309795358
bos,1.8117690552642332
india vaccine,1.8102274314736528
video conferencing,1.8091590947521232
conferencing,1.8091590947521232
behavior,1.8085973843745868
forecast,1.8068271935925648
election rally,1.8067009290594251
johnson vaccine,1.8052645427468157
johnson johnson vaccine,1.8052645427468157
spreader,1.8032248381294176
function,1.8027955372818139
allegation,1.8022935745185502
previously,1.8022077538631405
next year,1.8001758032979802
heal,1.7989926890502654
still fight justice,1.7978695415278236
fight justice democracy,1.7978695415278236
brutal long ago,1.7978695415278236
choihungguleung,1.7978695415278236
evil well,1.7978695415278236
evil brutal long,1.7978695415278236
evil brutal,1.7978695415278236
brutal long,1.7978695415278236
well knew,1.7978695415278236
well knew evil,1.7978695415278236
knew evil brutal,1.7978695415278236
ago still fight,1.7978695415278236
justice democracy,1.7978695415278236
knew evil,1.7978695415278236
still fight,1.7978695415278236
evil well knew,1.7978695415278236
enforcement,1.7976660804721032
vaccine could,1.7966455155990078
stole,1.7965648736552333
maxine,1.7938681416227626
covidnewsbymib,1.7928461032587504
sign petition,1.7916576939175974
indoor,1.7906447595107018
bunch,1.790636203976954
late news,1.7896002340611068
transport,1.7882818893854022
great work,1.7868847149226168
incident,1.7846498787778344
ffs,1.78440548137776
trace,1.7843978586900175
range,1.7843312039480748
people receive,1.784130763939998
answer question,1.7830374840128387
bias,1.7826370541655165
health ministry,1.782013393693932
assam,1.7819050378922197
police start,1.7812152943990402
scene,1.7811851658110736
national embarrassment,1.7802192549254423
boao,1.7787777265137203
cathaypak,1.7744126905549849
surprise,1.77397101791315
advocacy,1.7699220274663543
mask social,1.768528739446362
let see,1.768095244446569
smoking,1.7680117389515502
thomas,1.7662752084602371
test negative,1.7652892880523539
discharge,1.7647964550271977
refugee cap,1.7644469683278534
soon sir,1.7640599278113729
accelerate phase,1.7639226334748028
operating,1.762368005397383
watch full,1.7623017211174834
receives,1.7609982565692155
commodity,1.7608780003765057
rapidly,1.759252794541646
theory,1.7586229306944603
till april,1.757569622014012
atleast,1.7567713069823125
ugly,1.7565544919125027
phd,1.754459075143704
costly,1.7543188593493064
obtain,1.751552580274129
hashtag,1.7512547036345556
secretly,1.7508240604374805
determine,1.7482249232258997
sort,1.7480432398232826
soft,1.7459495587415672
asian hate crime,1.7454873404253406
invent,1.745148436362653
february,1.743301960387152
path,1.743102297837971
engagement,1.7429318518489763
nursing,1.742477467588721
denial,1.7402656459759427
need learn,1.7378621557862908
high school,1.737533194594917
organisation,1.7358518733164838
president joe biden,1.7335116665662165
fate,1.7332222040049667
triple,1.7320407903541484
inequality,1.7317654479078037
lakh new case,1.7274088121370883
lakh new,1.7274088121370883
even though,1.726681390923857
score,1.7264389007319971
hegemony,1.7258094767369316
consent,1.7243558059938526
vaccination centre,1.7242609880823079
translation,1.723569903499711
radio,1.7204652865421262
obsess,1.7203607368540774
assume,1.7192259087850164
dujrek,1.7186260680284908
mwt dujrek,1.7186260680284908
past year,1.717806433398755
safe stay home,1.716508491495893
loser,1.7151278026750303
advisor,1.7147000484696493
kamala,1.714266253445976
disappointed,1.7137441236189495
indicator,1.7116487916651941
japanese prime,1.7114767913599653
japanese prime minister,1.7114767913599653
tell truth,1.7086816084038472
deadline,1.7081322874027811
etchttps oqcvvl,1.7071309563427355
etchttps oqcvvl drw,1.7071309563427355
fittingly etchttps oqcvvl,1.7071309563427355
transportation,1.7060180776227865
employer,1.705560737325746
feature,1.704357231790668
surface,1.7037631015835522
astrazeneca vaccine,1.7022469232432402
open vaccination,1.7004915290915879
dress,1.6989843135311038
france,1.6987249977211025
drtedros,1.6971653801615172
verge,1.6962595157606315
wider,1.6956511429998278
health official,1.694600117880844
usual,1.6945217710746203
nypost,1.6936058711822994
route,1.6908870556885645
obligation,1.6901498177140324
good day,1.6894133057457617
certainly,1.6886500190654434
oxfordastrazeneca,1.687754058050731
disrupt,1.6865512698109768
regret,1.685301726948893
opposite,1.6849245559403465
much need,1.6847339533569687
mortality,1.6836439143672766
trudeau,1.6830803269704648
freight,1.6813025769678878
anniversary,1.6807455754429608
occupation,1.6804224166361095
religion,1.6802187314206074
complaint,1.679339394245509
weakness,1.6793270206796267
time since,1.6793202179470526
contain,1.677732858631889
coup,1.6775685398034077
innovation,1.6770157746479974
pls help,1.6757900711061615
particularly,1.6730019703521495
government india,1.6692704567421324
hard work,1.6669647334074476
negotiate,1.6656678437175954
trail,1.6651106048908946
slur,1.6634674810698353
month ago,1.661885008898158
chosen,1.6585886603095066
hypocrisy,1.6559399660533243
harm,1.6509020228287428
move forward,1.6495022634132965
exceed,1.6487471480807385
gather,1.6484671378247389
since begin,1.6482892836948886
stats,1.647317693804487
curb spread,1.6450158926721061
famous,1.6443365311619456
medium platform,1.6425381940481245
social medium platform,1.6425381940481245
donald,1.6400212127250837
ant,1.6393463272087274
arabia,1.63390791667538
emanews,1.6338285976989926
stay safe stay,1.6334580093972604
crap,1.6330084566403422
application,1.6292097917918384
earn,1.6261573048730034
forum asia,1.624343274518161
essential service,1.6165854331280896
bloomberg,1.616017105057532
dec,1.614216703764802
behalf,1.6114176312829671
outlook,1.6110907962893142
withdraw troop,1.6101745367463434
tedcruz,1.6092973705026106
family member,1.6085850977210394
throughout,1.607518938686127
kerry,1.607149380029704
gujarat,1.606595895491013
narendramodiin,1.6061335168623474
authackeray,1.6038425061535653
eradicate,1.6035861529217814
ancient,1.59403484600181
guaranteed,1.5932632610618773
minister narendramodi,1.5930750608257849
prime minister narendramodi,1.5930750608257849
stagger,1.5917939304113788
northwest,1.589044750098612
thetimes,1.588664116190224
flop,1.5871081043348876
prerequisite,1.5840538649132574
grave,1.5827390664489798
academic,1.581558854230927
empower,1.581036872067244
vaccination people,1.5799319191614367
white man,1.5792332277006467
asian people,1.5774713389588308
denier,1.5764130566999506
warship,1.5762183665570806
also know,1.5751807804951299
warning,1.5739919723642026
traveler,1.5689943103649826
big change,1.5688352913954353
outrage,1.5674408157899369
selfish,1.5639303022856974
wet,1.5638439380946156
abt,1.5612550318251042
swamy,1.556286378774708
congrats,1.5559359346066715
afford,1.5545466332209763
warm,1.5539969068735475
month year,1.5520174360839758
tough time,1.5517297420261684
trigger,1.5480481481396664
scan,1.5476622917751557
everyones,1.5419039223301811
gym,1.541234714466635
territory,1.5395934651816578
popular,1.5357122089328765
hainan,1.5318926260452776
themhttps,1.5313651333503318
initial,1.529359447947936
development new,1.5291452439225635
mass must,1.5291074494461345
mass must provide,1.5291074494461345
emergency india vaccine,1.5291074494461345
india vaccine mass,1.5291074494461345
must provide,1.5291074494461345
emergency india,1.5291074494461345
vaccine mass,1.5291074494461345
prayer emergency india,1.5291074494461345
vaccine mass must,1.5291074494461345
prayer emergency,1.5291074494461345
kinda,1.5273167555523743
johntory,1.524356683795921
court case,1.5116398449025064
mask social distance,1.5114643651451138
well soon sir,1.5091719053437627
global pandemic,1.504238509190413
specific,1.5035556619023411
hightech,1.5022842115479094
test positive covid,1.5005328135321776
positive covid,1.5005328135321776
alert family,1.500091664677886
app send,1.500091664677886
dangerous situation police,1.500091664677886
situation police start,1.500091664677886
record report,1.500091664677886
start livestream,1.500091664677886
record report dangerous,1.500091664677886
alert family location,1.500091664677886
accountable angl,1.500091664677886
app send alert,1.500091664677886
report dangerous,1.500091664677886
family location record,1.500091664677886
police accountable,1.500091664677886
safety app,1.500091664677886
location record report,1.500091664677886
police start livestream,1.500091664677886
angl,1.500091664677886
situation police,1.500091664677886
location record,1.500091664677886
livestream,1.500091664677886
police accountable angl,1.500091664677886
accountable angl safety,1.500091664677886
send alert,1.500091664677886
keep police,1.500091664677886
safety app send,1.500091664677886
keep police accountable,1.500091664677886
angl safety app,1.500091664677886
send alert family,1.500091664677886
angl safety,1.500091664677886
dangerous situation,1.500091664677886
family location,1.500091664677886
report dangerous situation,1.500091664677886
adarpoonawalla,1.499528324623446
preserve,1.4947807670276982
caput,1.493238458201777
per caput,1.493238458201777
bullet,1.4912735031759965
hiding,1.4890968112742828
ton,1.4887760446686282
irish,1.4867708813410518
coast,1.480815414078031
give day,1.4761551592134448
country need,1.4731987993563025
canadianpm,1.4722844623734284
nazi,1.470121950944935
phase strategy,1.4700189916304156
accelerate phase strategy,1.4700189916304156
ask question,1.4673822541727222
time still,1.4671254359914745
choihungguleung evil well,1.4654233725642698
choihungguleung evil,1.4654233725642698
pibindia,1.464551406164078
cmofkarnataka,1.4640099648461027
whats store,1.4573617457486003
stimulus check,1.4569512690202235
httweets,1.4562109299128008
solve,1.4556731521389847
icmrdelhi,1.4551785053910757
batch,1.4530016015579472
side say,1.4468032689537806
anti asian,1.4432506095625826
yoy,1.4424319000543475
need oxygen,1.44193586994525
ask toronto ontario,1.4409811889562145
sputnik romiaiaae,1.4409811889562145
ask toronto,1.4409811889562145
romiaiaae,1.4409811889562145
russia sputnik romiaiaae,1.4409811889562145
bharat,1.440186111415246
urgent requirement,1.435930657560563
way jack exit,1.433897446197038
explores way jack,1.433897446197038
jack exit,1.433897446197038
way jack,1.433897446197038
coz,1.432617221266291
hater,1.4320264422038358
positivity,1.4289967079802093
immediate,1.4241439119926942
host virtual,1.423738891132965
chinese government,1.4202750664857688
stay healthy,1.4149105579054364
every person,1.4132262424986837
right violation,1.4072136754849869
human right violation,1.4072136754849869
mall,1.3960570421846148
southeast,1.3766054382264827
jamp vaccine,1.3764257028310793
turn blind eye,1.372064171303136
blind eye,1.372064171303136
turn blind,1.372064171303136
receive dos,1.348826410678521
cinema hall,1.3462998243267434
unethical,1.3418926244337692
politicize,1.3157775950015658
firstdefeatreal,1.3152283050591882
provide firstdefeatreal threat,1.3152283050591882
must provide firstdefeatreal,1.3152283050591882
firstdefeatreal threat,1.3152283050591882
provide firstdefeatreal,1.3152283050591882
big break news,1.3085431919919561
meek,1.2956048272939265
people around,1.2908669771751589
last day,1.2879513203528803
doug ford trudeau,1.2863700497221626
ford trudeau,1.2863700497221626
number patient,1.2843815775416483
slightly,1.2509966759097186
hope life,1.2307246743798732
relevant,1.224202616229499
artbrock neonphog zippy,1.1975464418196253
neonphog zippy evangineer,1.1975464418196253
holo,1.1975464418196253
zippy evangineer marycamacho,1.1975464418196253
marycamacho,1.1975464418196253
artbrock,1.1975464418196253
artbrock neonphog,1.1975464418196253
zippy,1.1975464418196253
neonphog,1.1975464418196253
holo artbrock,1.1975464418196253
evangineer marycamacho,1.1975464418196253
holo artbrock neonphog,1.1975464418196253
evangineer,1.1975464418196253
neonphog zippy,1.1975464418196253
zippy evangineer,1.1975464418196253
support oppose,1.1884412019655048
ford trudeau order,1.0973491349141165
politicize doug,1.0973491349141165
reporting case new,1.0973491349141165
trudeau order,1.0973491349141165
trudeau order end,1.0973491349141165
drug addiction violence,1.0973491349141165
politicize doug ford,1.0973491349141165
ontario reporting case,1.0973491349141165
collapse drug addiction,1.0973491349141165
collapse drug,1.0973491349141165
addiction violence unemployment,1.0973491349141165
new case toronto,1.0973491349141165
addiction,1.0973491349141165
toronto canada politicize,1.0973491349141165
toronto canada,1.0973491349141165
cause business collapse,1.0973491349141165
cause business,1.0973491349141165
case toronto canada,1.0973491349141165
case toronto,1.0973491349141165
case new case,1.0973491349141165
canada politicize doug,1.0973491349141165
canada politicize,1.0973491349141165
business collapse,1.0973491349141165
addiction violence,1.0973491349141165
business collapse drug,1.0973491349141165
drug addiction,1.0973491349141165
order end cause,1.0973491349141165
embarrass ontario,1.0973491349141165
embarrass ontario reporting,1.0973491349141165
reporting case,1.0973491349141165
order end,1.0973491349141165
ontario reporting,1.0973491349141165
end cause business,1.0973491349141165
end cause,1.0973491349141165
like fake,1.077827346245077
obligation promise anyone,1.0675701916963294
development new federal,1.0675701916963294
state obligation promise,1.0675701916963294
occur right,1.0675701916963294
obligation promise,1.0675701916963294
ccp occur,1.0675701916963294
find decent people,1.0675701916963294
ccp occur right,1.0675701916963294
occur right time,1.0675701916963294
state obligation,1.0675701916963294
way find decent,1.0675701916963294
way find,1.0675701916963294
promise anyone ccp,1.0675701916963294
find decent,1.0675701916963294
promise anyone,1.0675701916963294
anyone ccp,1.0675701916963294
need development new,1.0675701916963294
need development,1.0675701916963294
whistleblower movement way,1.0675701916963294
decent people,1.0675701916963294
anyone ccp occur,1.0675701916963294
people need development,1.0675701916963294
movement way find,1.0675701916963294
decent people need,1.0675701916963294
movement way,1.0675701916963294
federal state obligation,1.0675701916963294
weakwhat know,1.0601034377918925
tigercowardice leadership,1.0601034377918925
tigercowardice,1.0601034377918925
doaus meek,1.0601034377918925
doaus meek paper,1.0601034377918925
west pale weakwhat,1.0601034377918925
weakwhat,1.0601034377918925
doubt alaska doaus,1.0601034377918925
tigercowardice leadership potus,1.0601034377918925
west pale,1.0601034377918925
weakwhat know prove,1.0601034377918925
whitehouse secblinken zofwdke,1.0601034377918925
whitehouse secblinken,1.0601034377918925
doubt alaska,1.0601034377918925
zofwdke,1.0601034377918925
statedept deptofdefense whitehouse,1.0601034377918925
potus statedept deptofdefense,1.0601034377918925
statedept deptofdefense,1.0601034377918925
know prove,1.0601034377918925
leadership potus statedept,1.0601034377918925
potus statedept,1.0601034377918925
futurethe,1.0601034377918925
paper tigercowardice,1.0601034377918925
deptofdefense whitehouse secblinken,1.0601034377918925
paper tigercowardice leadership,1.0601034377918925
pale weakwhat know,1.0601034377918925
pale weakwhat,1.0601034377918925
dethrones,1.0601034377918925
dethrones futurethe,1.0601034377918925
dethrones futurethe west,1.0601034377918925
beyond doubt,1.0601034377918925
beyond doubt alaska,1.0601034377918925
know prove beyond,1.0601034377918925
meek paper tigercowardice,1.0601034377918925
pale,1.0601034377918925
alaska doaus meek,1.0601034377918925
secblinken zofwdke,1.0601034377918925
futurethe west,1.0601034377918925
futurethe west pale,1.0601034377918925
leadership potus,1.0601034377918925
deptofdefense whitehouse,1.0601034377918925
doaus,1.0601034377918925
prove beyond,1.0601034377918925
prove beyond doubt,1.0601034377918925
meek paper,1.0601034377918925
alaska doaus,1.0601034377918925
stay healthy stay,1.0404305123222894
healthy stay safe,1.0404305123222894
repeat stay healthy,1.0404305123222894
history repeat stay,1.0404305123222894
healthy stay,1.0404305123222894
home virus,1.0404305123222894
history repeat,1.0404305123222894
repeat stay,1.0404305123222894
stay home virus,1.0404305123222894
ontario canada,1.006086836465919
bribe,0.9567558468322641
canada force stay,0.942582291363242
canada force,0.942582291363242
protect son,0.9184870485424143
article post,0.8816613455385274
read background article,0.8816613455385274
background article,0.8816613455385274
read background,0.8816613455385274
background article post,0.8816613455385274
democracy thomas jefferson,0.8816613455385274
electorate prerequisite,0.8816613455385274
democracy thomas,0.8816613455385274
electorate,0.8816613455385274
oppose wellinformed,0.8816613455385274
voter support oppose,0.8816613455385274
voter support,0.8816613455385274
oppose wellinformed electorate,0.8816613455385274
electorate prerequisite democracy,0.8816613455385274
prerequisite democracy,0.8816613455385274
prerequisite democracy thomas,0.8816613455385274
wellinformed,0.8816613455385274
wellinformed electorate,0.8816613455385274
tell voter,0.8816613455385274
tell voter support,0.8816613455385274
wellinformed electorate prerequisite,0.8816613455385274
thomas jefferson,0.8816613455385274
jefferson,0.8816613455385274
support oppose wellinformed,0.8816613455385274
toronto ontario canada,0.8713577824463965
ontario canada force,0.8077395812475705
attorneycrump,0.8058498447145946
sputnik fxpikyyzi,0.7921582385460356
fxpikyyzi,0.7921582385460356
russia sputnik fxpikyyzi,0.7921582385460356
life government denies,0.7611105483008763
government denies,0.7611105483008763
violence unemployment hope,0.7611105483008763
life government,0.7611105483008763
hope life government,0.7611105483008763
government denies safe,0.7611105483008763
unemployment hope life,0.7611105483008763
unemployment hope,0.7611105483008763
trend commie,0.7571309103323963
do far,0.7571309103323963
twitter kinda like,0.7571309103323963
far left,0.7571309103323963
fake poll see,0.7571309103323963
do far left,0.7571309103323963
see cant,0.7571309103323963
fake poll,0.7571309103323963
trend commie platform,0.7571309103323963
like fake poll,0.7571309103323963
see cant wait,0.7571309103323963
left propagandadont wish,0.7571309103323963
country do far,0.7571309103323963
platform twitter,0.7571309103323963
commie platform twitter,0.7571309103323963
cant wait country,0.7571309103323963
kinda like,0.7571309103323963
propagandadont,0.7571309103323963
propagandadont wish,0.7571309103323963
kinda like fake,0.7571309103323963
left propagandadont,0.7571309103323963
platform twitter kinda,0.7571309103323963
poll see cant,0.7571309103323963
commie platform,0.7571309103323963
twitter kinda,0.7571309103323963
poll see,0.7571309103323963
wait country,0.7571309103323963
course trend commie,0.7571309103323963
far left propagandadont,0.7571309103323963
country do,0.7571309103323963
course trend,0.7571309103323963
wait country do,0.7571309103323963
senior sends warship,0.596394232923064
give bribe,0.596394232923064
give bribe ukrainian,0.596394232923064
military operationbidens,0.596394232923064
military operationbidens son,0.596394232923064
half ukrainian,0.596394232923064
senior sends,0.596394232923064
money military,0.596394232923064
money military operationbidens,0.596394232923064
sends warship,0.596394232923064
half ukrainian business,0.596394232923064
sends warship nazi,0.596394232923064
business ukraine half,0.596394232923064
ukraine half,0.596394232923064
ukraine half ukrainian,0.596394232923064
business us,0.596394232923064
business us money,0.596394232923064
business cheap give,0.596394232923064
business cheap,0.596394232923064
business business cheap,0.596394232923064
business business,0.596394232923064
son big,0.596394232923064
son big business,0.596394232923064
cheap give,0.596394232923064
bribe ukrainian politician,0.596394232923064
bribe ukrainian,0.596394232923064
cheap give bribe,0.596394232923064
son business,0.596394232923064
son business us,0.596394232923064
protect son business,0.596394232923064
warship nazi protect,0.596394232923064
warship nazi,0.596394232923064
big business ukraine,0.596394232923064
big business,0.596394232923064
operationbidens son big,0.596394232923064
operationbidens son,0.596394232923064
business ukraine,0.596394232923064
us money military,0.596394232923064
us money,0.596394232923064
nazi protect son,0.596394232923064
nazi protect,0.596394232923064
ukrainian politician,0.596394232923064
ukrainian business business,0.596394232923064
ukrainian business,0.596394232923064
operationbidens,0.596394232923064
